player_id,player_name,sportsdata_id,player_team_id,player_position_id,player_positions,player_short_name,player_eligibility,player_yahoo_positions,player_page_url,player_filename,player_square_image_url,player_image_url,player_yahoo_id,cbs_player_id,player_bye_week,player_owned_avg,player_owned_espn,player_owned_yahoo,player_opponent,player_opponent_id,player_ecr_delta,rank_ecr,rank_min,rank_max,rank_ave,rank_std,note,tag,recommendation,pos_rank,start_sit_grade,r2p_pts,uncertainty
16433,Cooper Kupp,2806e915-c46f-492f-8a29-71d3a85e5620,LAR,WR,WR,C. Kupp,WR,WR,https://www.fantasypros.com/nfl/players/cooper-kupp.php,cooper-kupp.php,https://images.fantasypros.com/images/players/nfl/16433/headshot/210x210.png,https://images.fantasypros.com/images/players/nfl/16433/headshot/210x210.png,30182,2006951,11,100.0,99.9,100,vs. SF,SF,,1,1,1,1.00,0.00,,,,WR1,A+,23.6,0.0
18244,Deebo Samuel,628a6a0a-4fde-4024-8d7c-28674953d5af,SF,WR,WR,D. Samuel,WR,WR,https://www.fantasypros.com/nfl/players/deebo-samuel.php,deebo-samuel.php,https://images.fantasypros.com/images/players/nfl/18244/headshot/210x210.png,https://images.fantasypros.com/images/players/nfl/18244/headshot/210x210.png,31868,2139735,6,98.8,99.5,98,at LAR,LAR,,2,2,3,2.28,0.45,,,,WR2,A+,21.7,0.10125
19236,Justin Jefferson,4131d4ee-0318-4bb5-832a-4dec80668a4f,MIN,WR,WR,J. Jefferson,WR,WR,https://www.fantasypros.com/nfl/players/justin-jefferson.php,justin-jefferson.php,https://images.fantasypros.com/images/players/nfl/19236/headshot/210x210.png,https://images.fantasypros.com/images/players/nfl/19236/headshot/210x210.png,32692,2871343,7,99.9,99.8,100,vs. CHI,CHI,1.0,3,2,5,3.61,0.89,,,,WR3,A+,18.9,0.39605
15802,Tyreek Hill,01d8aee3-e1c4-4988-970a-8c0c2d08bd83,KC,WR,WR,T. Hill,WR,WR,https://www.fantasypros.com/nfl/players/tyreek-hill.php,tyreek-hill.php,https://images.fantasypros.com/images/players/nfl/15802/headshot/210x210.png,https://images.fantasypros.com/images/players/nfl/15802/headshot/210x210.png,29399,2131163,12,100.0,99.9,100,at DEN,DEN,-1.0,4,3,6,4.44,0.90,,,,WR4,A+,18.7,0.27
13981,Stefon Diggs,a1c40664-b265-4083-aad2-54b4c734f2c5,BUF,WR,WR,S. Diggs,WR,WR,https://www.fantasypros.com/nfl/players/stefon-diggs.php,stefon-diggs.php,https://images.fantasypros.com/images/players/nfl/13981/headshot/210x210.png,https://images.fantasypros.com/images/players/nfl/13981/headshot/210x210.png,28534,2000038,7,100.0,99.9,100,vs. NYJ,NYJ,,5,4,7,4.61,0.89,,,,WR5,A+,18.3,0.198025
18218,A.J. Brown,a9e580f2-1fbe-46fb-887c-c84089b507e4,TEN,WR,WR,A.J. Brown,WR,WR,https://www.fantasypros.com/nfl/players/aj-brown.php,aj-brown.php,https://images.fantasypros.com/images/players/nfl/18218/headshot/210x210.png,https://images.fantasypros.com/images/players/nfl/18218/headshot/210x210.png,31883,2258303,13,97.8,97.5,98,at HOU,HOU,,6,5,9,6.22,0.85,,,,WR6,A+,17.8,0.1445
18615,Diontae Johnson,244c00c7-fe9a-4f4f-adff-1d5b9c8877e7,PIT,WR,WR,D. Johnson,WR,WR,https://www.fantasypros.com/nfl/players/diontae-johnson.php,diontae-johnson.php,https://images.fantasypros.com/images/players/nfl/18615/headshot/210x210.png,https://images.fantasypros.com/images/players/nfl/18615/headshot/210x210.png,31898,2194164,7,98.0,98.0,98,at BAL,BAL,31.0,7,7,14,8.33,1.63,,,,WR7,A,17.6,0.3795571428571428
11616,Keenan Allen,5f424505-f29f-433c-b3f2-1a143a04a010,LAC,WR,WR,K. Allen,WR,WR,https://www.fantasypros.com/nfl/players/keenan-allen.php,keenan-allen.php,https://images.fantasypros.com/images/players/nfl/11616/headshot/210x210.png,https://images.fantasypros.com/images/players/nfl/11616/headshot/210x210.png,26699,1737096,7,99.3,99.5,99,at LV,LV,,8,7,14,8.89,1.85,,,,WR8,A,17.6,0.4889285714285715
19799,Amon-Ra St. Brown,26ef0447-29b8-4dd1-9831-dcbf8132bb74,DET,WR,WR,A. St. Brown,WR,WR,https://www.fantasypros.com/nfl/players/amonra-stbrown.php,amonra-stbrown.php,https://images.fantasypros.com/images/players/nfl/19799/headshot/210x210.png,https://images.fantasypros.com/images/players/nfl/19799/headshot/210x210.png,33500,2967690,9,82.4,83.8,81,vs. GB,GB,,9,7,13,9.39,1.92,,,,WR9,A,17.5,0.5266285714285714
18345,Hunter Renfrow,34c523c7-bc58-49f0-a9cc-f9edd91fe00f,LV,WR,WR,H. Renfrow,WR,WR,https://www.fantasypros.com/nfl/players/hunter-renfrow.php,hunter-renfrow.php,https://images.fantasypros.com/images/players/nfl/18345/headshot/210x210.png,https://images.fantasypros.com/images/players/nfl/18345/headshot/210x210.png,31981,2144726,8,89.9,92.8,87,vs. LAC,LAC,,10,9,17,12.72,2.51,,,,WR10,A,17.3,0.7000111111111109
18219,D.K. Metcalf,754faf0f-40f7-45f0-b23b-6ce990ecaf26,SEA,WR,WR,D.K. Metcalf,WR,WR,https://www.fantasypros.com/nfl/players/dk-metcalf.php,dk-metcalf.php,https://images.fantasypros.com/images/players/nfl/18219/headshot/210x210.png,https://images.fantasypros.com/images/players/nfl/18219/headshot/210x210.png,31896,2260185,9,99.0,98.9,99,at ARI,ARI,,11,10,19,12.94,2.12,,,,WR11,A,16.7,0.44944000000000006
19202,CeeDee Lamb,a72ea15b-5199-4101-a300-846e1c655add,DAL,WR,WR,C. Lamb,WR,WR,https://www.fantasypros.com/nfl/players/ceedee-lamb.php,ceedee-lamb.php,https://images.fantasypros.com/images/players/nfl/19202/headshot/210x210.png,https://images.fantasypros.com/images/players/nfl/19202/headshot/210x210.png,32687,2865251,7,99.7,99.4,100,at PHI,PHI,-3.0,12,8,22,13.56,3.80,,,,WR12,A,16.5,1.805
12119,Mike Evans,c48c21d9-0ae5-478c-ad34-30a660cfa9b8,TB,WR,WR,M. Evans,WR,WR,https://www.fantasypros.com/nfl/players/mike-evans.php,mike-evans.php,https://images.fantasypros.com/images/players/nfl/12119/headshot/210x210.png,https://images.fantasypros.com/images/players/nfl/12119/headshot/210x210.png,27535,1824909,9,97.8,98.6,97,vs. CAR,CAR,,13,10,22,13.61,4.19,,,,WR13,A,16.5,1.7556100000000003
12122,Brandin Cooks,b6b954eb-4591-4b7a-86b9-a481f15fdd58,HOU,WR,WR,B. Cooks,WR,WR,https://www.fantasypros.com/nfl/players/brandin-cooks.php,brandin-cooks.php,https://images.fantasypros.com/images/players/nfl/12122/headshot/210x210.png,https://images.fantasypros.com/images/players/nfl/12122/headshot/210x210.png,27548,1880880,10,92.7,94.4,91,vs. TEN,TEN,,14,11,20,14.67,2.92,,,,WR14,A,15.9,0.7751272727272727
19278,Michael Pittman Jr.,1aefd5e2-1f85-471a-91a5-4aad4cf6fe6d,IND,WR,WR,M. Pittman Jr.,WR,WR,https://www.fantasypros.com/nfl/players/michael-pittman.php,michael-pittman.php,https://images.fantasypros.com/images/players/nfl/19278/headshot/210x210.png,https://images.fantasypros.com/images/players/nfl/19278/headshot/210x210.png,32704,2240188,14,92.7,92.4,93,at JAC,JAC,,15,13,17,15.06,1.47,,,,WR15,A,15.6,0.16622307692307692
19790,Jaylen Waddle,0ff9a975-669d-4851-a95d-ab28d9fc29c4,MIA,WR,WR,J. Waddle,WR,WR,https://www.fantasypros.com/nfl/players/jaylen-waddle.php,jaylen-waddle.php,https://images.fantasypros.com/images/players/nfl/19790/headshot/210x210.png,https://images.fantasypros.com/images/players/nfl/19790/headshot/210x210.png,33394,2962110,14,94.7,95.4,94,vs. NE,NE,-3.0,16,13,19,15.28,1.41,,,,WR16,A,15.4,0.1529307692307692
13971,Tyler Lockett,dffa69ad-331e-4f09-ae38-40a5a4406be6,SEA,WR,WR,T. Lockett,WR,WR,https://www.fantasypros.com/nfl/players/tyler-lockett.php,tyler-lockett.php,https://images.fantasypros.com/images/players/nfl/13971/headshot/210x210.png,https://images.fantasypros.com/images/players/nfl/13971/headshot/210x210.png,28457,1860834,9,97.5,97.0,98,at ARI,ARI,,17,14,19,16.39,1.30,,,,WR17,A,15.4,0.12071428571428573
17268,Christian Kirk,ebcd87ce-218c-4144-810b-921c2f59d6e8,ARI,WR,WR,C. Kirk,WR,WR,https://www.fantasypros.com/nfl/players/christian-kirk.php,christian-kirk.php,https://images.fantasypros.com/images/players/nfl/17268/headshot/210x210.png,https://images.fantasypros.com/images/players/nfl/17268/headshot/210x210.png,31017,2180820,12,79.4,78.7,80,vs. SEA,SEA,,18,16,23,19.06,2.01,,,,WR18,A-,15.3,0.25250624999999993
12127,Odell Beckham Jr.,354dec38-b88b-4ba0-8974-859123f27c45,LAR,WR,WR,O. Beckham Jr.,WR,WR,https://www.fantasypros.com/nfl/players/odell-beckham.php,odell-beckham.php,https://images.fantasypros.com/images/players/nfl/12127/headshot/210x210.png,https://images.fantasypros.com/images/players/nfl/12127/headshot/210x210.png,27540,1824823,11,90.9,90.7,91,vs. SF,SF,,19,17,23,20.17,1.61,,,,WR19,A-,14.9,0.15247647058823532
19810,Darnell Mooney,bafe8df1-66b5-4200-8fb3-ff188c25a4e2,CHI,WR,WR,D. Mooney,WR,WR,https://www.fantasypros.com/nfl/players/darnell-mooney.php,darnell-mooney.php,https://images.fantasypros.com/images/players/nfl/19810/headshot/210x210.png,https://images.fantasypros.com/images/players/nfl/19810/headshot/210x210.png,32843,2240651,10,76.1,78.2,74,at MIN,MIN,,20,18,29,21.56,3.93,,,,WR20,A-,14.5,0.85805
17265,DJ Moore,d8202e6d-d03b-4cd1-a793-ff8fd39d9755,CAR,WR,WR,DJ Moore,WR,WR,https://www.fantasypros.com/nfl/players/dj-moore-wr.php,dj-moore-wr.php,https://images.fantasypros.com/images/players/nfl/17265/headshot/210x210.png,https://images.fantasypros.com/images/players/nfl/17265/headshot/210x210.png,30994,2179328,13,95.7,96.4,95,at TB,TB,,21,19,27,22.72,2.40,,,,WR21,B+,13.4,0.30315789473684207
13894,Amari Cooper,00f88be8-45f9-4237-b2b8-3271ec790d07,DAL,WR,WR,A. Cooper,WR,WR,https://www.fantasypros.com/nfl/players/amari-cooper.php,amari-cooper.php,https://images.fantasypros.com/images/players/nfl/13894/headshot/210x210.png,https://images.fantasypros.com/images/players/nfl/13894/headshot/210x210.png,28392,1984220,7,97.8,97.5,98,at PHI,PHI,,22,20,27,23.39,2.26,,,,WR22,B+,13.4,0.25537999999999994
19483,Van Jefferson,8e1285f7-6e4c-41e4-aac9-92e09f9f32b2,LAR,WR,WR,V. Jefferson,WR,WR,https://www.fantasypros.com/nfl/players/van-jefferson.php,van-jefferson.php,https://images.fantasypros.com/images/players/nfl/19483/headshot/210x210.png,https://images.fantasypros.com/images/players/nfl/19483/headshot/210x210.png,32727,2186342,11,68.4,67.8,69,vs. SF,SF,,23,21,31,25.67,3.07,,,,WR23,B,13.3,0.4488047619047619
18226,Marquise Brown,feeee40a-dd63-41a7-89cd-6c95b5456833,BAL,WR,WR,M. Brown,WR,WR,https://www.fantasypros.com/nfl/players/marquise-brown.php,marquise-brown.php,https://images.fantasypros.com/images/players/nfl/18226/headshot/210x210.png,https://images.fantasypros.com/images/players/nfl/18226/headshot/210x210.png,31857,2804128,8,92.9,94.8,91,vs. PIT,PIT,,24,22,31,25.89,2.64,,,,WR24,B,13.0,0.3168
19788,Ja'Marr Chase,fa99e984-d63b-4ef4-a164-407f68a7eeaf,CIN,WR,WR,J. Chase,WR,WR,https://www.fantasypros.com/nfl/players/jamarr-chase.php,jamarr-chase.php,https://images.fantasypros.com/images/players/nfl/19788/headshot/210x210.png,https://images.fantasypros.com/images/players/nfl/19788/headshot/210x210.png,33393,2966320,10,98.6,99.1,98,at CLE,CLE,-4.0,25,4,70,26.11,17.97,,,,WR25,A-,12.9,80.73022499999999
19222,DeVonta Smith,3555d07e-57ae-43de-97d5-b1b5bf055f17,PHI,WR,WR,D. Smith,WR,WR,https://www.fantasypros.com/nfl/players/devonta-smith.php,devonta-smith.php,https://images.fantasypros.com/images/players/nfl/19222/headshot/210x210.png,https://images.fantasypros.com/images/players/nfl/19222/headshot/210x210.png,33398,2866975,14,86.8,83.5,90,vs. DAL,DAL,,26,20,34,26.17,3.45,,,,WR26,B,12.7,0.5951250000000001
16377,Mike Williams,12f27311-7cd6-4ca5-ba7d-571e9de5e1eb,LAC,WR,WR,M. Williams,WR,WR,https://www.fantasypros.com/nfl/players/mike-williams-wr.php,mike-williams-wr.php,https://images.fantasypros.com/images/players/nfl/16377/headshot/210x210.png,https://images.fantasypros.com/images/players/nfl/16377/headshot/210x210.png,30120,2082516,7,92.0,91.9,92,at LV,LV,,27,23,36,26.72,3.93,,,,WR27,B,12.5,0.6715173913043478
17606,Russell Gage,4501e6f4-4683-4357-b241-8b4a0b6aae81,ATL,WR,WR,R. Gage,WR,WR,https://www.fantasypros.com/nfl/players/russell-gage.php,russell-gage.php,https://images.fantasypros.com/images/players/nfl/17606/headshot/210x210.png,https://images.fantasypros.com/images/players/nfl/17606/headshot/210x210.png,31164,2131694,6,60.4,59.7,61,vs. NO,NO,,28,25,31,27.94,1.61,,,,WR28,B-,11.9,0.10368400000000001
18466,Terry McLaurin,7e8c4641-2beb-4213-ba22-69fe0307005f,WAS,WR,WR,T. McLaurin,WR,WR,https://www.fantasypros.com/nfl/players/terry-mclaurin.php,terry-mclaurin.php,https://images.fantasypros.com/images/players/nfl/18466/headshot/210x210.png,https://images.fantasypros.com/images/players/nfl/18466/headshot/210x210.png,31908,2139279,9,97.0,97.0,97,at NYG,NYG,,29,23,33,28.11,2.77,,,,WR29,B-,11.9,0.33360434782608694
19252,Brandon Aiyuk,c90471cc-fa60-4416-9388-5aebb5d877eb,SF,WR,WR,B. Aiyuk,WR,WR,https://www.fantasypros.com/nfl/players/brandon-aiyuk.php,brandon-aiyuk.php,https://images.fantasypros.com/images/players/nfl/19252/headshot/210x210.png,https://images.fantasypros.com/images/players/nfl/19252/headshot/210x210.png,32695,2967489,6,88.9,85.7,92,at LAR,LAR,,30,26,33,29.72,1.73,,,,WR30,C+,11.9,0.11511153846153846
19211,Tee Higgins,7963b029-5de4-4541-b00a-44eefe4349af,CIN,WR,WR,T. Higgins,WR,WR,https://www.fantasypros.com/nfl/players/tee-higgins.php,tee-higgins.php,https://images.fantasypros.com/images/players/nfl/19211/headshot/210x210.png,https://images.fantasypros.com/images/players/nfl/19211/headshot/210x210.png,32703,2809208,10,95.4,94.8,96,at CLE,CLE,-8.0,31,8,71,31.00,17.79,,,,WR31,B+,11.7,39.560512499999994
12123,Davante Adams,e7d6ae25-bf15-4660-8b37-c37716551de3,GB,WR,WR,D. Adams,WR,WR,https://www.fantasypros.com/nfl/players/davante-adams.php,davante-adams.php,https://images.fantasypros.com/images/players/nfl/12123/headshot/210x210.png,https://images.fantasypros.com/images/players/nfl/12123/headshot/210x210.png,27581,1893167,13,100.0,99.9,100,at DET,DET,-5.0,32,2,52,31.50,11.64,,,,WR32,B,11.6,67.74480000000001
18627,Chase Claypool,53ed110c-f022-4759-afd3-1cd3436dbba7,PIT,WR,WR,C. Claypool,WR,WR,https://www.fantasypros.com/nfl/players/chase-claypool.php,chase-claypool.php,https://images.fantasypros.com/images/players/nfl/18627/headshot/210x210.png,https://images.fantasypros.com/images/players/nfl/18627/headshot/210x210.png,32719,2260676,7,85.5,85.9,85,at BAL,BAL,,33,24,37,32.39,3.61,,,,WR33,C+,11.2,0.5430041666666666
13897,DeVante Parker,e9ee9209-dd8f-4e4a-be3c-407756a2749c,MIA,WR,WR,D. Parker,WR,WR,https://www.fantasypros.com/nfl/players/devante-parker.php,devante-parker.php,https://images.fantasypros.com/images/players/nfl/13897/headshot/210x210.png,https://images.fantasypros.com/images/players/nfl/13897/headshot/210x210.png,28402,1851283,14,64.6,71.1,58,vs. NE,NE,,34,31,38,33.94,1.87,,,,WR34,C+,11.2,0.11280322580645163
9857,A.J. Green,c9701373-23f6-4058-9189-8d9c085f3c49,ARI,WR,WR,A.J. Green,WR,WR,https://www.fantasypros.com/nfl/players/aj-green.php,aj-green.php,https://images.fantasypros.com/images/players/nfl/9857/headshot/210x210.png,https://images.fantasypros.com/images/players/nfl/9857/headshot/210x210.png,24791,1673207,12,51.9,41.7,62,vs. SEA,SEA,4.0,35,33,40,36.00,2.13,,,,WR35,C+,11.1,0.13748181818181815
18598,Jakobi Meyers,73e194d1-a4b7-4de4-b1c2-3c24ef502918,NE,WR,WR,J. Meyers,WR,WR,https://www.fantasypros.com/nfl/players/jakobi-meyers.php,jakobi-meyers.php,https://images.fantasypros.com/images/players/nfl/18598/headshot/210x210.png,https://images.fantasypros.com/images/players/nfl/18598/headshot/210x210.png,32231,2183835,14,66.5,61.0,72,at MIA,MIA,,36,33,42,36.94,2.34,,,,WR36,C+,10.9,0.1659272727272727
19708,K.J. Osborn,3bf5c049-9daa-43ba-9758-c6c895a9d462,MIN,WR,WR,K.J. Osborn,WR,WR,https://www.fantasypros.com/nfl/players/kj-osborn.php,kj-osborn.php,https://images.fantasypros.com/images/players/nfl/19708/headshot/210x210.png,https://images.fantasypros.com/images/players/nfl/19708/headshot/210x210.png,32846,2184383,7,40.0,38.0,42,vs. CHI,CHI,4.0,37,29,42,38.00,3.64,,,,WR37,C,10.8,0.45688275862068967
12128,Jarvis Landry,06e41dc1-d5dc-4bdc-8fc3-e0d7c3a99ac4,CLE,WR,WR,J. Landry,WR,WR,https://www.fantasypros.com/nfl/players/jarvis-landry.php,jarvis-landry.php,https://images.fantasypros.com/images/players/nfl/12128/headshot/210x210.png,https://images.fantasypros.com/images/players/nfl/12128/headshot/210x210.png,27591,1824833,13,72.6,77.2,68,vs. CIN,CIN,,38,35,48,39.00,2.83,,,,WR38,C,10.8,0.2288257142857143
19398,Gabriel Davis,dc397432-7157-4ce4-976d-b9662cc6f551,BUF,WR,WR,G. Davis,WR,WR,https://www.fantasypros.com/nfl/players/gabriel-davis.php,gabriel-davis.php,https://images.fantasypros.com/images/players/nfl/19398/headshot/210x210.png,https://images.fantasypros.com/images/players/nfl/19398/headshot/210x210.png,32798,2804813,7,22.1,19.1,25,vs. NYJ,NYJ,,39,24,58,39.83,7.71,,,,WR39,C,10.7,2.4768375
17066,Kendrick Bourne,5aba3610-ab55-4922-ac46-806ded5eb8bf,NE,WR,WR,K. Bourne,WR,WR,https://www.fantasypros.com/nfl/players/kendrick-bourne.php,kendrick-bourne.php,https://images.fantasypros.com/images/players/nfl/17066/headshot/210x210.png,https://images.fantasypros.com/images/players/nfl/17066/headshot/210x210.png,30551,2088428,14,23.8,21.6,26,at MIA,MIA,,40,37,46,41.61,2.19,,,,WR40,C,10.7,0.12962432432432433
19505,Marquez Callaway,1364cb22-1bfa-429b-8bde-dfd0d2938163,NO,WR,WR,M. Callaway,WR,WR,https://www.fantasypros.com/nfl/players/marquez-callaway.php,marquez-callaway.php,https://images.fantasypros.com/images/players/nfl/19505/headshot/210x210.png,https://images.fantasypros.com/images/players/nfl/19505/headshot/210x210.png,33109,2247505,6,28.0,30.0,26,at ATL,ATL,,41,32,57,41.72,6.28,,,,WR41,C,10.6,1.23245
16439,Josh Reynolds,682eda79-0026-4ad8-8f45-a61ce42cb908,DET,WR,WR,J. Reynolds,WR,WR,https://www.fantasypros.com/nfl/players/josh-reynolds.php,josh-reynolds.php,https://images.fantasypros.com/images/players/nfl/16439/headshot/210x210.png,https://images.fantasypros.com/images/players/nfl/16439/headshot/210x210.png,30230,2131796,9,7.0,3.9,10,vs. GB,GB,,42,37,50,43.28,3.46,,,,WR42,C,10.4,0.32355675675675677
11459,Cole Beasley,7092bb09-a161-4ab9-8d19-fdcf1a91bb3d,BUF,WR,WR,C. Beasley,WR,WR,https://www.fantasypros.com/nfl/players/cole-beasley.php,cole-beasley.php,https://images.fantasypros.com/images/players/nfl/11459/headshot/210x210.png,https://images.fantasypros.com/images/players/nfl/11459/headshot/210x210.png,26060,1977145,7,63.2,63.3,63,vs. NYJ,NYJ,,43,41,50,44.33,2.49,,,,WR43,C,9.9,0.1512219512195122
15547,Tyler Boyd,76a5edec-5ff7-49fa-a8ec-5768a372279d,CIN,WR,WR,T. Boyd,WR,WR,https://www.fantasypros.com/nfl/players/tyler-boyd.php,tyler-boyd.php,https://images.fantasypros.com/images/players/nfl/15547/headshot/210x210.png,https://images.fantasypros.com/images/players/nfl/15547/headshot/210x210.png,29288,2071582,10,71.5,71.9,71,at CLE,CLE,-7.0,44,32,77,44.56,13.43,,,,WR44,C,9.7,5.636403125
19201,Jerry Jeudy,eaaa4a61-c2a7-4926-8e9b-3ec71be2f991,DEN,WR,WR,J. Jeudy,WR,WR,https://www.fantasypros.com/nfl/players/jerry-jeudy.php,jerry-jeudy.php,https://images.fantasypros.com/images/players/nfl/19201/headshot/210x210.png,https://images.fantasypros.com/images/players/nfl/19201/headshot/210x210.png,32685,2741201,11,65.5,63.9,67,vs. KC,KC,,45,40,52,45.56,3.24,,,,WR45,C,9.7,0.26244000000000006
17253,Courtland Sutton,b55ae5ba-593f-4560-9cab-14e10698e01d,DEN,WR,WR,C. Sutton,WR,WR,https://www.fantasypros.com/nfl/players/courtland-sutton.php,courtland-sutton.php,https://images.fantasypros.com/images/players/nfl/17253/headshot/210x210.png,https://images.fantasypros.com/images/players/nfl/17253/headshot/210x210.png,31010,2218461,11,67.5,67.0,68,vs. KC,KC,,46,42,54,46.94,3.47,,,,WR46,C-,9.6,0.28668809523809524
16431,Zay Jones,a28f7368-0306-4d20-855f-285a1a09c09c,LV,WR,WR,Z. Jones,WR,WR,https://www.fantasypros.com/nfl/players/zay-jones.php,zay-jones.php,https://images.fantasypros.com/images/players/nfl/16431/headshot/210x210.png,https://images.fantasypros.com/images/players/nfl/16431/headshot/210x210.png,30150,2080270,8,5.5,9.0,2,vs. LAC,LAC,5.0,47,34,56,47.06,6.49,,,,WR47,C-,9.6,1.2388264705882353
11613,Cordarrelle Patterson,da85107c-365c-4d58-90ab-479d97d798b4,ATL,RB,RB,C. Patterson,"WR,RB","WR,RB",https://www.fantasypros.com/nfl/players/cordarrelle-patterson.php,cordarrelle-patterson.php,https://images.fantasypros.com/images/players/nfl/11613/headshot/210x210.png,https://images.fantasypros.com/images/players/nfl/11613/headshot/210x210.png,26652,1996183,6,95.2,97.3,93,vs. NO,NO,-12.0,48,26,76,42.18,11.01,,,,WR48,C,9.6,4.662311538461538
11215,Marvin Jones Jr.,1a2fbc23-e6db-4d2f-a152-2c774341b7c4,JAC,WR,WR,M. Jones Jr.,WR,WR,https://www.fantasypros.com/nfl/players/marvin-jones.php,marvin-jones.php,https://images.fantasypros.com/images/players/nfl/11215/headshot/210x210.png,https://images.fantasypros.com/images/players/nfl/11215/headshot/210x210.png,25876,1631804,7,55.4,60.8,50,vs. IND,IND,,49,44,55,47.94,3.14,,,,WR49,C-,9.3,0.2240818181818182
19794,Rashod Bateman,d9f8b92b-69d4-4d83-9bf2-106ee523efed,BAL,WR,WR,R. Bateman,WR,WR,https://www.fantasypros.com/nfl/players/rashod-bateman.php,rashod-bateman.php,https://images.fantasypros.com/images/players/nfl/19794/headshot/210x210.png,https://images.fantasypros.com/images/players/nfl/19794/headshot/210x210.png,33415,2960940,8,29.2,22.3,36,vs. PIT,PIT,,50,41,53,48.06,2.86,,,,WR50,C-,9.3,0.19950243902439022
17262,Cedrick Wilson Jr.,a964f59b-af2b-48e1-b64d-c376cc1d8c28,DAL,WR,WR,C. Wilson Jr.,WR,WR,https://www.fantasypros.com/nfl/players/cedrick-wilson.php,cedrick-wilson.php,https://images.fantasypros.com/images/players/nfl/17262/headshot/210x210.png,https://images.fantasypros.com/images/players/nfl/17262/headshot/210x210.png,31178,2240685,7,4.0,3.9,4,at PHI,PHI,,51,40,61,49.33,4.40,,,,WR51,C-,9.1,0.4840000000000001
17096,Cyril Grayson Jr.,a138f20f-8a41-4d0e-930a-a16b6cb597b3,TB,WR,WR,C. Grayson Jr.,WR,WR,https://www.fantasypros.com/nfl/players/cyril-grayson.php,cyril-grayson.php,https://images.fantasypros.com/images/players/nfl/17096/headshot/210x210.png,https://images.fantasypros.com/images/players/nfl/17096/headshot/210x210.png,30111,2807384,9,2.5,3.9,1,vs. CAR,CAR,,52,46,62,53.11,3.73,,,,WR52,C-,8.8,0.302454347826087
19298,Donovan Peoples-Jones,924edb03-29a9-42ae-92dd-ef7e8a498095,CLE,WR,WR,D. Peoples-Jones,WR,WR,https://www.fantasypros.com/nfl/players/donovan-peoples-jones.php,donovan-peoples-jones.php,https://images.fantasypros.com/images/players/nfl/19298/headshot/210x210.png,https://images.fantasypros.com/images/players/nfl/19298/headshot/210x210.png,32857,2819119,13,14.4,15.7,13,vs. CIN,CIN,,53,50,60,54.50,2.93,,,,WR53,D+,8.7,0.17169800000000002
9867,Julio Jones,0b3217b9-ba37-4222-95cb-a7a222441e8b,TEN,WR,WR,J. Jones,WR,WR,https://www.fantasypros.com/nfl/players/julio-jones.php,julio-jones.php,https://images.fantasypros.com/images/players/nfl/9867/headshot/210x210.png,https://images.fantasypros.com/images/players/nfl/9867/headshot/210x210.png,24793,1623794,13,60.8,64.6,57,at HOU,HOU,,54,49,67,55.72,5.23,,,,WR54,D+,8.7,0.558222448979592
12126,Allen Robinson II,0fd32417-8410-4a8f-8919-386c433bca43,CHI,WR,WR,A. Robinson II,WR,WR,https://www.fantasypros.com/nfl/players/allen-robinson.php,allen-robinson.php,https://images.fantasypros.com/images/players/nfl/12126/headshot/210x210.png,https://images.fantasypros.com/images/players/nfl/12126/headshot/210x210.png,27589,1889923,10,53.7,57.3,50,at MIN,MIN,6.0,55,48,63,56.17,3.85,,,,WR55,D+,8.5,0.30880208333333337
16488,Kenny Golladay,659d31a3-9c62-4e3d-a0ea-b2e4967d6947,NYG,WR,WR,K. Golladay,WR,WR,https://www.fantasypros.com/nfl/players/kenny-golladay.php,kenny-golladay.php,https://images.fantasypros.com/images/players/nfl/16488/headshot/210x210.png,https://images.fantasypros.com/images/players/nfl/16488/headshot/210x210.png,30209,2005894,10,51.8,55.6,48,vs. WAS,WAS,,56,52,63,57.11,2.75,,,,WR56,D,8.5,0.14543269230769232
22845,Joshua Palmer,857fcc59-10e8-4194-bd7d-41bc5f72a47f,LAC,WR,WR,J. Palmer,WR,WR,https://www.fantasypros.com/nfl/players/josh-palmer.php,josh-palmer.php,https://images.fantasypros.com/images/players/nfl/22845/headshot/210x210.png,https://images.fantasypros.com/images/players/nfl/22845/headshot/210x210.png,33465,2867325,7,5.4,6.8,4,at LV,LV,,57,46,74,57.28,5.87,,,,WR57,D,8.1,0.7490630434782609
17528,Marquez Valdes-Scantling,e7f0a505-8060-403e-a3b3-9d4e88dda1dc,GB,WR,WR,M. Valdes-Scantling,WR,WR,https://www.fantasypros.com/nfl/players/marquez-valdesscantling.php,marquez-valdesscantling.php,https://images.fantasypros.com/images/players/nfl/17528/headshot/210x210.png,https://images.fantasypros.com/images/players/nfl/17528/headshot/210x210.png,31144,2071540,13,36.2,20.3,52,at DET,DET,,58,45,72,57.39,7.10,,,,WR58,D+,8.0,1.1202222222222222
15688,Robby Anderson,e81fb788-1478-4936-ae12-f6ed7ec23476,CAR,WR,WR,R. Anderson,WR,WR,https://www.fantasypros.com/nfl/players/robby-anderson.php,robby-anderson.php,https://images.fantasypros.com/images/players/nfl/15688/headshot/210x210.png,https://images.fantasypros.com/images/players/nfl/15688/headshot/210x210.png,29785,1886746,13,42.2,47.3,37,at TB,TB,,59,49,65,58.11,4.79,,,,WR59,D,8.0,0.46824693877551016
17301,Allen Lazard,6a23db75-021b-4808-99e6-21a33d34202b,GB,WR,WR,A. Lazard,WR,WR,https://www.fantasypros.com/nfl/players/allen-lazard.php,allen-lazard.php,https://images.fantasypros.com/images/players/nfl/17301/headshot/210x210.png,https://images.fantasypros.com/images/players/nfl/17301/headshot/210x210.png,31268,2141655,13,23.4,17.8,29,at DET,DET,,60,47,73,60.06,7.93,,,,WR60,D,8.0,1.3379765957446808
11206,T.Y. Hilton,b8426cea-f8b9-4061-8d56-e70d1230103e,IND,WR,WR,T.Y. Hilton,WR,WR,https://www.fantasypros.com/nfl/players/ty-hilton.php,ty-hilton.php,https://images.fantasypros.com/images/players/nfl/11206/headshot/210x210.png,https://images.fantasypros.com/images/players/nfl/11206/headshot/210x210.png,25802,1673733,14,16.8,15.6,18,at JAC,JAC,,61,58,67,61.22,2.51,,,,WR61,D-,7.9,0.10862241379310343
18633,Tyler Johnson,93c17735-5275-45cf-b3ef-620351c62313,TB,WR,WR,T. Johnson,WR,WR,https://www.fantasypros.com/nfl/players/tyler-johnson.php,tyler-johnson.php,https://images.fantasypros.com/images/players/nfl/18633/headshot/210x210.png,https://images.fantasypros.com/images/players/nfl/18633/headshot/210x210.png,32831,1620002,9,4.8,2.5,7,vs. CAR,CAR,,62,57,71,63.44,3.99,,,,WR62,D-,7.9,0.27930000000000005
16556,Tim Patrick,2a443351-5e63-4a49-819e-912b51a745f2,DEN,WR,WR,T. Patrick,WR,WR,https://www.fantasypros.com/nfl/players/tim-patrick.php,tim-patrick.php,https://images.fantasypros.com/images/players/nfl/16556/headshot/210x210.png,https://images.fantasypros.com/images/players/nfl/16556/headshot/210x210.png,30511,2818910,11,17.7,15.4,20,vs. KC,KC,,63,60,72,64.00,3.27,,,,WR63,F,7.8,0.17821499999999998
17739,Byron Pringle,9e55ec9a-ce18-4b4b-b69f-e2d82c219846,KC,WR,WR,B. Pringle,WR,WR,https://www.fantasypros.com/nfl/players/byron-pringle.php,byron-pringle.php,https://images.fantasypros.com/images/players/nfl/17739/headshot/210x210.png,https://images.fantasypros.com/images/players/nfl/17739/headshot/210x210.png,31496,2239646,12,2.7,2.3,3,at DEN,DEN,,64,62,70,65.56,2.93,,,,WR64,F,7.8,0.13846612903225808
13975,Breshad Perriman,0dc98d11-34e4-46f6-96a6-7707c6f29500,TB,WR,WR,B. Perriman,WR,WR,https://www.fantasypros.com/nfl/players/breshad-perriman.php,breshad-perriman.php,https://images.fantasypros.com/images/players/nfl/13975/headshot/210x210.png,https://images.fantasypros.com/images/players/nfl/13975/headshot/210x210.png,28414,1984950,9,2.5,1.0,4,vs. CAR,CAR,,65,50,74,65.67,5.25,,,,WR65,D-,7.8,0.55125
13976,Jamison Crowder,8002dd5e-a75a-4d72-9a8c-0f4dbc80d459,NYJ,WR,WR,J. Crowder,WR,WR,https://www.fantasypros.com/nfl/players/jamison-crowder.php,jamison-crowder.php,https://images.fantasypros.com/images/players/nfl/13976/headshot/210x210.png,https://images.fantasypros.com/images/players/nfl/13976/headshot/210x210.png,28493,1850749,6,23.7,24.3,23,at BUF,BUF,14.0,66,44,85,62.00,11.44,,,,WR66,D,7.8,2.9743999999999997
18587,Mecole Hardman,fe6dc768-d576-476c-b150-53b85af2a1d1,KC,WR,WR,M. Hardman,WR,WR,https://www.fantasypros.com/nfl/players/mecole-hardman.php,mecole-hardman.php,https://images.fantasypros.com/images/players/nfl/18587/headshot/210x210.png,https://images.fantasypros.com/images/players/nfl/18587/headshot/210x210.png,31888,2248618,12,29.2,26.3,32,at DEN,DEN,,67,63,73,67.28,2.86,,,,WR67,F,7.6,0.1298349206349206
16604,Isaiah McKenzie,6130be96-edf3-4361-b666-860c4ec46e7d,BUF,WR,WR,I. McKenzie,WR,WR,https://www.fantasypros.com/nfl/players/isaiah-mckenzie.php,isaiah-mckenzie.php,https://images.fantasypros.com/images/players/nfl/16604/headshot/210x210.png,https://images.fantasypros.com/images/players/nfl/16604/headshot/210x210.png,30285,2131587,7,5.5,3.0,8,vs. NYJ,NYJ,,68,39,85,68.00,8.93,,,,WR68,F,7.5,2.044741025641026
15495,Laquon Treadwell,2e0badcd-b78c-40ee-a83b-a1bbb36bc545,JAC,WR,WR,L. Treadwell,WR,WR,https://www.fantasypros.com/nfl/players/laquon-treadwell.php,laquon-treadwell.php,https://images.fantasypros.com/images/players/nfl/15495/headshot/210x210.png,https://images.fantasypros.com/images/players/nfl/15495/headshot/210x210.png,29257,2079899,7,2.4,1.8,3,vs. IND,IND,,69,58,85,68.28,6.23,,,,WR69,F,7.5,0.6691879310344828
18605,Antoine Wesley,8e43eb21-92e4-4720-8766-c9204259c063,ARI,WR,WR,A. Wesley,WR,WR,https://www.fantasypros.com/nfl/players/antoine-wesley.php,antoine-wesley.php,https://images.fantasypros.com/images/players/nfl/18605/headshot/210x210.png,https://images.fantasypros.com/images/players/nfl/18605/headshot/210x210.png,32317,2252278,12,0.3,0.3,0,vs. SEA,SEA,,70,64,74,69.11,3.35,,,,WR70,F,7.3,0.1753515625
19221,Laviska Shenault Jr.,131d3b1a-5746-499e-98ee-4bbf67cd377e,JAC,WR,WR,L. Shenault Jr.,WR,WR,https://www.fantasypros.com/nfl/players/laviska-shenault.php,laviska-shenault.php,https://images.fantasypros.com/images/players/nfl/19221/headshot/210x210.png,https://images.fantasypros.com/images/players/nfl/19221/headshot/210x210.png,32712,2866321,7,34.3,39.5,29,vs. IND,IND,,71,64,75,70.17,2.95,,,,WR71,F,6.9,0.1359765625
19715,Quez Watkins,ca85137c-205c-458e-8b77-8457849f614c,PHI,WR,WR,Q. Watkins,WR,WR,https://www.fantasypros.com/nfl/players/quez-watkins.php,quez-watkins.php,https://images.fantasypros.com/images/players/nfl/19715/headshot/210x210.png,https://images.fantasypros.com/images/players/nfl/19715/headshot/210x210.png,32870,2262953,14,1.3,1.5,1,vs. DAL,DAL,,72,64,82,72.28,4.25,,,,WR72,F,6.8,0.2822265625
20130,Nico Collins,bd56a50c-5fae-4ee2-8363-f74ae07b6887,HOU,WR,WR,N. Collins,WR,WR,https://www.fantasypros.com/nfl/players/nico-collins.php,nico-collins.php,https://images.fantasypros.com/images/players/nfl/20130/headshot/210x210.png,https://images.fantasypros.com/images/players/nfl/20130/headshot/210x210.png,33477,2878193,10,1.8,1.6,2,vs. TEN,TEN,,73,60,79,73.00,4.18,,,,WR73,F,6.5,0.2912066666666666
17530,Ray-Ray McCloud,f7ff7599-a175-4a0c-b887-3ae9e596fc64,PIT,WR,WR,R. McCloud,WR,WR,https://www.fantasypros.com/nfl/players/ray-ray-mccloud.php,ray-ray-mccloud.php,https://images.fantasypros.com/images/players/nfl/17530/headshot/210x210.png,https://images.fantasypros.com/images/players/nfl/17530/headshot/210x210.png,31157,2179226,7,1.0,1.0,1,at BAL,BAL,,74,58,89,75.24,7.34,,,,WR74,F,6.4,0.9288896551724137
20114,Elijah Moore,b1935e20-6bd6-4863-8d7e-702ec403491f,NYJ,WR,WR,E. Moore,WR,WR,https://www.fantasypros.com/nfl/players/elijah-moore.php,elijah-moore.php,https://images.fantasypros.com/images/players/nfl/20114/headshot/210x210.png,https://images.fantasypros.com/images/players/nfl/20114/headshot/210x210.png,33422,2963569,6,49.5,46.9,52,at BUF,BUF,-15.0,75,32,108,66.27,19.52,,,,WR75,F,6.3,11.9072
19747,Nick Westbrook-Ikhine,5e63e674-adf3-4f4e-929e-4a0ff2cfb1df,TEN,WR,WR,N. Westbrook-Ikhine,WR,WR,https://www.fantasypros.com/nfl/players/nick-westbrook.php,nick-westbrook.php,https://images.fantasypros.com/images/players/nfl/19747/headshot/210x210.png,https://images.fantasypros.com/images/players/nfl/19747/headshot/210x210.png,33348,2185954,13,8.5,2.0,15,at HOU,HOU,,76,73,106,79.61,8.23,,,,WR76,F,6.0,0.9278479452054794
18941,Jalen Guyton,ae9495b2-4c62-4e14-8e43-beb53e1ae28a,LAC,WR,WR,J. Guyton,WR,WR,https://www.fantasypros.com/nfl/players/jalen-guyton.php,jalen-guyton.php,https://images.fantasypros.com/images/players/nfl/18941/headshot/210x210.png,https://images.fantasypros.com/images/players/nfl/18941/headshot/210x210.png,32201,2186663,7,7.2,7.3,7,at LV,LV,,77,66,89,77.41,5.63,,,,WR77,F,6.0,0.4802560606060606
9186,DeSean Jackson,3e618eb6-41f2-4f20-ad70-2460f9366f43,LV,WR,WR,D. Jackson,WR,WR,https://www.fantasypros.com/nfl/players/desean-jackson.php,desean-jackson.php,https://images.fantasypros.com/images/players/nfl/9186/headshot/210x210.png,https://images.fantasypros.com/images/players/nfl/9186/headshot/210x210.png,8826,559554,8,4.4,3.8,5,vs. LAC,LAC,,78,73,91,80.12,5.10,,,,WR78,F,5.9,0.3563013698630137
16864,Keelan Cole Sr.,a8c96abf-a911-47a0-ac16-dd51a8782b5e,NYJ,WR,WR,K. Cole Sr.,WR,WR,https://www.fantasypros.com/nfl/players/keelan-cole.php,keelan-cole.php,https://images.fantasypros.com/images/players/nfl/16864/headshot/210x210.png,https://images.fantasypros.com/images/players/nfl/16864/headshot/210x210.png,30396,2820044,6,1.0,1.0,1,at BUF,BUF,,79,69,90,76.80,5.32,,,,WR79,F,5.9,0.41017971014492755
14103,DeAndre Carter,9ae2584a-40c1-4b30-be34-a9567659eacd,WAS,WR,WR,D. Carter,WR,WR,https://www.fantasypros.com/nfl/players/deandre-carter.php,deandre-carter.php,https://images.fantasypros.com/images/players/nfl/14103/headshot/210x210.png,https://images.fantasypros.com/images/players/nfl/14103/headshot/210x210.png,28947,2174795,9,1.8,1.6,2,at NYG,NYG,,80,80,100,88.12,5.59,,,,WR80,F,5.9,0.39060124999999996
14498,Adam Humphries,d6d41a89-a8af-48b9-bf75-561de99a1d87,WAS,WR,WR,A. Humphries,WR,WR,https://www.fantasypros.com/nfl/players/adam-humphries.php,adam-humphries.php,https://images.fantasypros.com/images/players/nfl/14498/headshot/210x210.png,https://images.fantasypros.com/images/players/nfl/14498/headshot/210x210.png,29070,2175124,9,0.8,0.5,1,at NYG,NYG,,81,73,94,82.00,4.83,,,,WR81,F,5.8,0.31957397260273973
19590,Jauan Jennings,3ae9f0fa-c711-4663-80cf-4707856c07aa,SF,WR,WR,J. Jennings,WR,WR,https://www.fantasypros.com/nfl/players/jauan-jennings.php,jauan-jennings.php,https://images.fantasypros.com/images/players/nfl/19590/headshot/210x210.png,https://images.fantasypros.com/images/players/nfl/19590/headshot/210x210.png,32887,2180514,6,0.6,0.2,1,at LAR,LAR,,82,78,95,83.33,3.82,,,,WR82,F,5.7,0.18708205128205127
15665,Demarcus Robinson,46b16198-116f-4913-85db-2bc21462bd66,KC,WR,WR,D. Robinson,WR,WR,https://www.fantasypros.com/nfl/players/demarcus-robinson.php,demarcus-robinson.php,https://images.fantasypros.com/images/players/nfl/15665/headshot/210x210.png,https://images.fantasypros.com/images/players/nfl/15665/headshot/210x210.png,29360,2061095,12,0.8,0.8,0,at DEN,DEN,,83,81,107,88.94,8.54,,,,WR83,F,5.6,0.90039012345679
13969,Nelson Agholor,cfb0ff68-51cb-4dad-ba81-f9e019a93a91,NE,WR,WR,N. Agholor,WR,WR,https://www.fantasypros.com/nfl/players/nelson-agholor.php,nelson-agholor.php,https://images.fantasypros.com/images/players/nfl/13969/headshot/210x210.png,https://images.fantasypros.com/images/players/nfl/13969/headshot/210x210.png,28408,1996508,14,13.6,11.1,16,at MIA,MIA,11.0,84,69,102,85.93,8.58,,,,WR84,F,5.5,1.066904347826087
18864,Olamide Zaccheaus,d8281390-f081-41e5-b55e-75779536fe94,ATL,WR,WR,O. Zaccheaus,WR,WR,https://www.fantasypros.com/nfl/players/olamide-zaccheaus.php,olamide-zaccheaus.php,https://images.fantasypros.com/images/players/nfl/18864/headshot/210x210.png,https://images.fantasypros.com/images/players/nfl/18864/headshot/210x210.png,32123,2186266,6,0.8,0.5,1,vs. NO,NO,,85,81,94,86.13,3.40,,,,WR85,F,5.5,0.14271604938271604
17261,Tre'Quan Smith,c65b8d70-ac93-4782-996a-ef96fd11047c,NO,WR,WR,T. Smith,WR,WR,https://www.fantasypros.com/nfl/players/trequan-smith.php,trequan-smith.php,https://images.fantasypros.com/images/players/nfl/17261/headshot/210x210.png,https://images.fantasypros.com/images/players/nfl/17261/headshot/210x210.png,31061,2142731,6,7.6,8.1,7,at ATL,ATL,13.0,86,78,104,89.40,8.12,,,,WR86,F,5.2,0.8453128205128203
16081,Kalif Raymond,e0a31d02-9d1c-4dab-adb4-a5d9bbee8b36,DET,WR,WR,K. Raymond,WR,WR,https://www.fantasypros.com/nfl/players/kalif-raymond.php,kalif-raymond.php,https://images.fantasypros.com/images/players/nfl/16081/headshot/210x210.png,https://images.fantasypros.com/images/players/nfl/16081/headshot/210x210.png,29631,1999329,9,3.3,2.6,4,vs. GB,GB,,87,77,93,85.86,5.00,,,,WR87,F,5.2,0.3246753246753247
14222,Damiere Byrd,48d7bc31-808f-423c-afc8-45c2c5dfa45f,CHI,WR,WR,D. Byrd,WR,WR,https://www.fantasypros.com/nfl/players/damiere-byrd.php,damiere-byrd.php,https://images.fantasypros.com/images/players/nfl/14222/headshot/210x210.png,https://images.fantasypros.com/images/players/nfl/14222/headshot/210x210.png,28730,2174809,10,0.1,0.1,0,at MIN,MIN,,88,80,109,94.69,7.00,,,,WR88,F,5.2,0.6125
18016,Cam Sims,f4f11bc2-2fe6-4da8-a83c-63085788e789,WAS,WR,WR,C. Sims,WR,WR,https://www.fantasypros.com/nfl/players/cam-sims.php,cam-sims.php,https://images.fantasypros.com/images/players/nfl/18016/headshot/210x210.png,https://images.fantasypros.com/images/players/nfl/18016/headshot/210x210.png,31405,2925163,9,0.1,0.1,0,at NYG,NYG,14.0,89,65,113,91.80,12.44,,,,WR89,F,5.1,2.380824615384615
18590,Lil'Jordan Humphrey,b7f930af-ddd2-4a48-9617-96bda81b0334,NO,WR,WR,L. Humphrey,WR,WR,https://www.fantasypros.com/nfl/players/liljordan-humphrey.php,liljordan-humphrey.php,https://images.fantasypros.com/images/players/nfl/18590/headshot/210x210.png,https://images.fantasypros.com/images/players/nfl/18590/headshot/210x210.png,32494,2246852,6,0.2,0.2,0,at ATL,ATL,,90,86,104,92.47,5.45,,,,WR90,F,5.0,0.3453779069767442
19219,Jalen Reagor,06ff7f42-5fe7-4899-84a5-9ba5349d17e8,PHI,WR,WR,J. Reagor,WR,WR,https://www.fantasypros.com/nfl/players/jalen-reagor.php,jalen-reagor.php,https://images.fantasypros.com/images/players/nfl/19219/headshot/210x210.png,https://images.fantasypros.com/images/players/nfl/19219/headshot/210x210.png,32691,2803733,14,13.3,20.5,6,vs. DAL,DAL,,91,82,103,92.87,6.05,,,,WR91,F,4.9,0.4463719512195122
11625,Tavon Austin,502b3a6c-e965-478a-858e-964b4ac2296c,JAC,WR,WR,T. Austin,WR,WR,https://www.fantasypros.com/nfl/players/tavon-austin.php,tavon-austin.php,https://images.fantasypros.com/images/players/nfl/11625/headshot/210x210.png,https://images.fantasypros.com/images/players/nfl/11625/headshot/210x210.png,26631,1700338,7,0.1,0.1,0,vs. IND,IND,,92,89,123,95.53,8.36,,,,WR92,F,4.9,0.7852764044943819
16972,Zach Pascal,7fc949b6-a1cb-4f9d-a06d-b65773409a44,IND,WR,WR,Z. Pascal,WR,WR,https://www.fantasypros.com/nfl/players/zach-pascal.php,zach-pascal.php,https://images.fantasypros.com/images/players/nfl/16972/headshot/210x210.png,https://images.fantasypros.com/images/players/nfl/16972/headshot/210x210.png,30502,1989197,14,3.5,3.9,3,at JAC,JAC,,93,89,105,94.79,4.33,,,,WR93,F,4.8,0.21066179775280897
18634,Bryan Edwards,5abee27b-2710-46ed-b110-fece5c2654e8,LV,WR,WR,B. Edwards,WR,WR,https://www.fantasypros.com/nfl/players/bryan-edwards.php,bryan-edwards.php,https://images.fantasypros.com/images/players/nfl/18634/headshot/210x210.png,https://images.fantasypros.com/images/players/nfl/18634/headshot/210x210.png,32751,2221840,8,8.4,7.7,9,vs. LAC,LAC,,94,85,111,96.57,7.77,,,,WR94,F,4.8,0.7102694117647058
18876,Deonte Harty,8f1147cb-3040-4128-b113-5813816241ec,NO,WR,WR,D. Harty,WR,WR,https://www.fantasypros.com/nfl/players/deonte-harris.php,deonte-harris.php,https://images.fantasypros.com/images/players/nfl/18876/headshot/210x210.png,https://images.fantasypros.com/images/players/nfl/18876/headshot/210x210.png,32398,3116892,6,8.7,2.3,15,at ATL,ATL,10.0,95,60,105,84.27,15.54,,,,WR95,F,4.8,4.024859999999999
17307,Equanimeous St. Brown,0b97067d-9e06-4ec0-97b2-e1cb491e12a6,GB,WR,WR,E. St. Brown,WR,WR,https://www.fantasypros.com/nfl/players/equanimeous-st-brown.php,equanimeous-st-brown.php,https://images.fantasypros.com/images/players/nfl/17307/headshot/210x210.png,https://images.fantasypros.com/images/players/nfl/17307/headshot/210x210.png,31177,2186674,13,0.1,0.1,0,at DET,DET,,96,59,106,88.91,13.94,,,,WR96,F,4.8,3.2936203389830507
19891,Kristian Wilkerson,b9a6720d-9c6f-46f2-bcee-b80550026437,NE,WR,WR,K. Wilkerson,WR,WR,https://www.fantasypros.com/nfl/players/kristian-wilkerson.php,kristian-wilkerson.php,https://images.fantasypros.com/images/players/nfl/19891/headshot/210x210.png,https://images.fantasypros.com/images/players/nfl/19891/headshot/210x210.png,33349,3161137,14,0.1,0.1,0,at MIA,MIA,,97,90,111,98.69,7.93,,,,WR97,F,4.7,0.698721111111111
16443,Noah Brown,36f62824-1cdb-4e9e-8a11-55df97e562b9,DAL,WR,WR,N. Brown,WR,WR,https://www.fantasypros.com/nfl/players/noah-brown.php,noah-brown.php,https://images.fantasypros.com/images/players/nfl/16443/headshot/210x210.png,https://images.fantasypros.com/images/players/nfl/16443/headshot/210x210.png,30352,2139270,7,0.1,0.1,0,at PHI,PHI,,98,87,122,102.07,9.49,,,,WR98,F,4.7,1.035173563218391
14151,Chris Conley,bd01d907-cd57-48cb-9136-5692a4764a20,HOU,WR,WR,C. Conley,WR,WR,https://www.fantasypros.com/nfl/players/chris-conley.php,chris-conley.php,https://images.fantasypros.com/images/players/nfl/14151/headshot/210x210.png,https://images.fantasypros.com/images/players/nfl/14151/headshot/210x210.png,28464,1824756,10,0.4,0.4,0,vs. TEN,TEN,,99,95,113,102.31,6.32,,,,WR99,F,4.6,0.4204463157894737
18714,Scotty Miller,85e18d5f-8a3f-4b6c-88fe-dfdaaed5554e,TB,WR,WR,S. Miller,WR,WR,https://www.fantasypros.com/nfl/players/scott-miller.php,scott-miller.php,https://images.fantasypros.com/images/players/nfl/18714/headshot/210x210.png,https://images.fantasypros.com/images/players/nfl/18714/headshot/210x210.png,32040,2180075,9,0.7,0.3,1,vs. CAR,CAR,,100,84,110,94.64,8.80,,,,WR100,F,4.6,0.921904761904762
18706,Darius Slayton,82ed30a5-54a8-4ed0-b040-99c3a78fb055,NYG,WR,WR,D. Slayton,WR,WR,https://www.fantasypros.com/nfl/players/darius-slayton.php,darius-slayton.php,https://images.fantasypros.com/images/players/nfl/18706/headshot/210x210.png,https://images.fantasypros.com/images/players/nfl/18706/headshot/210x210.png,32003,2183982,10,4.3,4.5,4,vs. WAS,WAS,,101,87,115,99.83,6.66,,,,WR101,F,4.5,0.5098344827586208
15586,Rashard Higgins,7e34053d-00bf-4f3f-a464-329c8f5057d0,CLE,WR,WR,R. Higgins,WR,WR,https://www.fantasypros.com/nfl/players/rashard-higgins.php,rashard-higgins.php,https://images.fantasypros.com/images/players/nfl/15586/headshot/210x210.png,https://images.fantasypros.com/images/players/nfl/15586/headshot/210x210.png,29406,2071919,13,0.7,0.4,1,vs. CIN,CIN,,102,93,127,105.69,8.50,,,,WR102,F,4.5,0.7768817204301075
22785,D'Wayne Eskridge,4a76219c-34b8-4cfe-81ab-2bb011368367,SEA,WR,WR,D. Eskridge,WR,WR,https://www.fantasypros.com/nfl/players/dwayne-eskridge.php,dwayne-eskridge.php,https://images.fantasypros.com/images/players/nfl/22785/headshot/210x210.png,https://images.fantasypros.com/images/players/nfl/22785/headshot/210x210.png,33444,2252411,9,0.8,0.6,1,at ARI,ARI,,103,96,116,107.00,6.73,,,,WR103,F,4.4,0.4718010416666667
20132,Amari Rodgers,e47ca6ed-c988-4cad-b4a4-181c67463748,GB,WR,WR,A. Rodgers,WR,WR,https://www.fantasypros.com/nfl/players/amari-rodgers.php,amari-rodgers.php,https://images.fantasypros.com/images/players/nfl/20132/headshot/210x210.png,https://images.fantasypros.com/images/players/nfl/20132/headshot/210x210.png,33473,2809210,13,0.4,0.4,0,at DET,DET,,104,81,151,98.67,21.02,,,,WR104,F,4.4,5.4548197530864195
15557,Pharoh Cooper,4f724338-aa8c-436d-90b2-45299572c53e,NYG,WR,WR,P. Cooper,WR,WR,https://www.fantasypros.com/nfl/players/pharoh-cooper.php,pharoh-cooper.php,https://images.fantasypros.com/images/players/nfl/15557/headshot/210x210.png,https://images.fantasypros.com/images/players/nfl/15557/headshot/210x210.png,29351,2079796,10,0.1,0.1,0,vs. WAS,WAS,,105,104,118,110.42,4.77,,,,WR105,F,4.3,0.21877788461538458
11599,Marquise Goodwin,bf52ff53-35a6-4696-ac6d-3fa952dc2c87,CHI,WR,WR,M. Goodwin,WR,WR,https://www.fantasypros.com/nfl/players/marquise-goodwin.php,marquise-goodwin.php,https://images.fantasypros.com/images/players/nfl/11599/headshot/210x210.png,https://images.fantasypros.com/images/players/nfl/11599/headshot/210x210.png,26701,1691489,10,0.3,0.3,0,at MIN,MIN,,106,97,109,99.78,4.24,,,,WR106,F,4.3,0.18533608247422684
18699,Juwann Winfree,fa7bdbe5-23b9-4cba-9015-98c5e2d09c9e,GB,WR,WR,J. Winfree,WR,WR,https://www.fantasypros.com/nfl/players/juwann-winfree.php,juwann-winfree.php,https://images.fantasypros.com/images/players/nfl/18699/headshot/210x210.png,https://images.fantasypros.com/images/players/nfl/18699/headshot/210x210.png,32019,3116589,13,0.0,0.0,0,at DET,DET,,107,80,149,101.22,20.27,,,,WR107,F,4.2,5.1359112499999995
19729,Freddie Swain,81997ce2-9e70-4014-999a-25ebb405dbf6,SEA,WR,WR,F. Swain,WR,WR,https://www.fantasypros.com/nfl/players/freddie-swain.php,freddie-swain.php,https://images.fantasypros.com/images/players/nfl/19729/headshot/210x210.png,https://images.fantasypros.com/images/players/nfl/19729/headshot/210x210.png,32884,2221836,9,0.9,0.7,1,at ARI,ARI,,108,99,109,105.22,3.68,,,,WR108,F,4.1,0.1367919191919192
18656,Ashton Dulin,f374262b-d642-4d05-9584-5955548ee4d1,IND,WR,WR,A. Dulin,WR,WR,https://www.fantasypros.com/nfl/players/ashton-dulin.php,ashton-dulin.php,https://images.fantasypros.com/images/players/nfl/18656/headshot/210x210.png,https://images.fantasypros.com/images/players/nfl/18656/headshot/210x210.png,32292,3116796,14,0.1,0.1,0,at JAC,JAC,,109,98,131,111.33,9.78,,,,WR109,F,4.0,0.9760040816326528
17232,Brandon Zylstra,3885b40b-c31b-4cd6-a0fd-3d24bede2771,CAR,WR,WR,B. Zylstra,WR,WR,https://www.fantasypros.com/nfl/players/brandon-zylstra.php,brandon-zylstra.php,https://images.fantasypros.com/images/players/nfl/17232/headshot/210x210.png,https://images.fantasypros.com/images/players/nfl/17232/headshot/210x210.png,30959,2914676,13,0.1,0.1,0,at TB,TB,,110,93,110,98.83,5.87,,,,WR110,F,3.9,0.3705043010752689
19344,Denzel Mims,adfc13b3-1eb6-49f3-9ba6-d4d87fd13685,NYJ,WR,WR,D. Mims,WR,WR,https://www.fantasypros.com/nfl/players/denzel-mims.php,denzel-mims.php,https://images.fantasypros.com/images/players/nfl/19344/headshot/210x210.png,https://images.fantasypros.com/images/players/nfl/19344/headshot/210x210.png,32729,2253076,6,0.7,0.4,1,at BUF,BUF,,111,105,118,111.25,3.83,,,,WR111,F,3.7,0.13970380952380954
19270,Devin Duvernay,d93dbc83-e604-4823-a24e-d162cbd8d4d9,BAL,WR,WR,D. Duvernay,WR,WR,https://www.fantasypros.com/nfl/players/devin-duvernay.php,devin-duvernay.php,https://images.fantasypros.com/images/players/nfl/19270/headshot/210x210.png,https://images.fantasypros.com/images/players/nfl/19270/headshot/210x210.png,32762,2246849,8,1.4,0.8,2,vs. PIT,PIT,,112,92,110,101.67,5.85,,,,WR112,F,3.7,0.3719836956521739
16038,Chester Rogers,958c9833-2e55-411a-8e0e-ecc229bbeb14,TEN,WR,WR,C. Rogers,WR,WR,https://www.fantasypros.com/nfl/players/chester-rogers.php,chester-rogers.php,https://images.fantasypros.com/images/players/nfl/16038/headshot/210x210.png,https://images.fantasypros.com/images/players/nfl/16038/headshot/210x210.png,29609,2010688,13,0.6,0.2,1,at HOU,HOU,,113,93,119,108.00,9.21,,,,WR113,F,3.6,0.9120870967741938
18168,Malik Turner,82a7e1ff-019a-4f4b-aeb6-c41420e44891,DAL,WR,WR,M. Turner,WR,WR,https://www.fantasypros.com/nfl/players/malik-turner.php,malik-turner.php,https://images.fantasypros.com/images/players/nfl/18168/headshot/210x210.png,https://images.fantasypros.com/images/players/nfl/18168/headshot/210x210.png,31777,2136527,7,0.1,0.1,0,at PHI,PHI,,114,89,130,105.33,12.94,,,,WR114,F,3.6,1.8813887640449436
18624,Stanley Morgan Jr.,8f32cbe6-9c50-4bf7-9e68-057d718fb490,CIN,WR,WR,S. Morgan Jr.,WR,WR,https://www.fantasypros.com/nfl/players/stanley-morgan-jr.php,stanley-morgan-jr.php,https://images.fantasypros.com/images/players/nfl/18624/headshot/210x210.png,https://images.fantasypros.com/images/players/nfl/18624/headshot/210x210.png,32469,2179632,10,0.0,0.0,0,at CLE,CLE,,115,93,110,100.40,6.80,,,,WR115,F,3.6,0.49720430107526875
15914,Mike Thomas,88856dfa-45ce-4b6e-bbf7-4f8413ac89ca,CIN,WR,WR,M. Thomas,WR,WR,https://www.fantasypros.com/nfl/players/mike-thomas-wr.php,mike-thomas-wr.php,https://images.fantasypros.com/images/players/nfl/15914/headshot/210x210.png,https://images.fantasypros.com/images/players/nfl/15914/headshot/210x210.png,29440,2139967,10,0.1,0.1,0,at CLE,CLE,,116,85,123,102.00,13.42,,,,WR116,F,3.6,2.118781176470588
9146,Danny Amendola,973bfe3c-6d0d-4130-a79c-f860650b1da6,HOU,WR,WR,D. Amendola,WR,WR,https://www.fantasypros.com/nfl/players/danny-amendola.php,danny-amendola.php,https://images.fantasypros.com/images/players/nfl/9146/headshot/210x210.png,https://images.fantasypros.com/images/players/nfl/9146/headshot/210x210.png,9037,516968,10,0.1,0.1,0,vs. TEN,TEN,,117,94,117,105.00,9.23,,,,WR117,F,3.5,0.9063074468085107
17130,Greg Ward,0832c8ad-0872-446f-ad6e-0e309e8443d1,PHI,WR,WR,G. Ward,WR,WR,https://www.fantasypros.com/nfl/players/greg-ward.php,greg-ward.php,https://images.fantasypros.com/images/players/nfl/17130/headshot/210x210.png,https://images.fantasypros.com/images/players/nfl/17130/headshot/210x210.png,30715,2820084,14,0.1,0.1,0,vs. DAL,DAL,,118,99,115,105.60,5.50,,,,WR118,F,3.5,0.3055555555555556
18791,Jeff Smith,767b1112-c77a-4a58-89b4-30f1ffa2a497,NYJ,WR,WR,J. Smith,WR,WR,https://www.fantasypros.com/nfl/players/jeff-smith.php,jeff-smith.php,https://images.fantasypros.com/images/players/nfl/18791/headshot/210x210.png,https://images.fantasypros.com/images/players/nfl/18791/headshot/210x210.png,32533,2185927,6,0.0,0.0,0,at BUF,BUF,,119,102,116,109.40,5.85,,,,WR119,F,3.5,0.3355147058823529
18289,Collin Johnson,214ae0bc-d6ed-4216-a154-f253c85bb90b,NYG,WR,WR,C. Johnson,WR,WR,https://www.fantasypros.com/nfl/players/collin-johnson.php,collin-johnson.php,https://images.fantasypros.com/images/players/nfl/18289/headshot/210x210.png,https://images.fantasypros.com/images/players/nfl/18289/headshot/210x210.png,32835,2240315,10,0.1,0.1,0,vs. WAS,WAS,,120,101,125,112.20,7.63,,,,WR120,F,3.4,0.5764049504950495
9707,Emmanuel Sanders,fd4e8681-f2f4-47c7-b954-a72be9b1ca00,BUF,WR,WR,E. Sanders,WR,WR,https://www.fantasypros.com/nfl/players/emmanuel-sanders.php,emmanuel-sanders.php,https://images.fantasypros.com/images/players/nfl/9707/headshot/210x210.png,https://images.fantasypros.com/images/players/nfl/9707/headshot/210x210.png,24057,564943,7,46.9,46.7,47,vs. NYJ,NYJ,-35.0,121,68,76,72.00,4.00,,,,WR121,F,3.3,0.23529411764705882
18463,Parris Campbell,db0c3b1c-8d18-435a-864a-cdd696f963b6,IND,WR,WR,P. Campbell,WR,WR,https://www.fantasypros.com/nfl/players/parris-campbell.php,parris-campbell.php,https://images.fantasypros.com/images/players/nfl/18463/headshot/210x210.png,https://images.fantasypros.com/images/players/nfl/18463/headshot/210x210.png,31891,2139271,14,4.5,7.0,2,at JAC,JAC,,122,68,161,113.75,32.92,,,,WR122,F,3.2,15.937152941176471
16489,Mack Hollins,93cb5790-1012-4c42-bccb-5748c27ba7d6,MIA,WR,WR,M. Hollins,WR,WR,https://www.fantasypros.com/nfl/players/mack-hollins.php,mack-hollins.php,https://images.fantasypros.com/images/players/nfl/16489/headshot/210x210.png,https://images.fantasypros.com/images/players/nfl/16489/headshot/210x210.png,30231,2010349,14,0.2,0.2,0,vs. NE,NE,,123,106,131,117.40,8.36,,,,WR123,F,3.1,0.6593358490566037
20113,Dyami Brown,0fb60ada-bdd3-4d74-8c98-058303a1649a,WAS,WR,WR,D. Brown,WR,WR,https://www.fantasypros.com/nfl/players/dyami-brown.php,dyami-brown.php,https://images.fantasypros.com/images/players/nfl/20113/headshot/210x210.png,https://images.fantasypros.com/images/players/nfl/20113/headshot/210x210.png,33470,2965973,9,0.4,0.4,0,at NYG,NYG,,124,104,127,117.80,8.16,,,,WR124,F,3.1,0.6402461538461538
18166,KhaDarel Hodge,6f124753-5c6c-454b-97c7-0f9b4d14e7c2,DET,WR,WR,K. Hodge,WR,WR,https://www.fantasypros.com/nfl/players/khadarel-hodge.php,khadarel-hodge.php,https://images.fantasypros.com/images/players/nfl/18166/headshot/210x210.png,https://images.fantasypros.com/images/players/nfl/18166/headshot/210x210.png,31769,2954080,9,0.1,0.1,0,vs. GB,GB,,125,81,137,111.75,24.69,,,,WR125,F,3.1,7.5258777777777786
22843,Ben Skowronek,5521ba64-e615-4d50-b9bf-490498571ac7,LAR,WR,WR,B. Skowronek,WR,WR,https://www.fantasypros.com/nfl/players/ben-skowronek.php,ben-skowronek.php,https://images.fantasypros.com/images/players/nfl/22843/headshot/210x210.png,https://images.fantasypros.com/images/players/nfl/22843/headshot/210x210.png,33637,2247046,11,0.1,0.1,0,vs. SF,SF,,126,101,132,115.25,12.09,,,,WR126,F,2.9,1.4472089108910893
12338,Albert Wilson,2958ea86-e2dc-4719-93e5-cc9d093ca963,MIA,WR,WR,A. Wilson,WR,WR,https://www.fantasypros.com/nfl/players/albert-wilson.php,albert-wilson.php,https://images.fantasypros.com/images/players/nfl/12338/headshot/210x210.png,https://images.fantasypros.com/images/players/nfl/12338/headshot/210x210.png,28046,2130201,14,0.8,0.6,1,vs. NE,NE,,127,108,123,115.25,5.36,,,,WR127,F,2.9,0.26601481481481487
19901,Kendall Hinton,0830e644-2d6e-446b-9da6-57d7e3472fcd,DEN,WR,WR,K. Hinton,WR,WR,https://www.fantasypros.com/nfl/players/kendall-hinton.php,kendall-hinton.php,https://images.fantasypros.com/images/players/nfl/19901/headshot/210x210.png,https://images.fantasypros.com/images/players/nfl/19901/headshot/210x210.png,32929,2179376,11,0.1,0.1,0,vs. KC,KC,,128,93,144,118.50,24.05,,,,WR128,F,2.8,6.219381720430108
20116,Ihmir Smith-Marsette,39156891-0d05-470b-8b64-751602820bb1,MIN,WR,WR,I. Smith-Marsette,WR,WR,https://www.fantasypros.com/nfl/players/ihmir-smithmarsette.php,ihmir-smithmarsette.php,https://images.fantasypros.com/images/players/nfl/20116/headshot/210x210.png,https://images.fantasypros.com/images/players/nfl/20116/headshot/210x210.png,33545,2865894,7,0.1,0.1,0,vs. CHI,CHI,,129,110,126,120.25,6.34,,,,WR129,F,2.7,0.36541454545454544
17855,Christian Blake,d90a2ae8-cbd6-40cd-a545-3501c93c0822,ATL,WR,WR,C. Blake,WR,WR,https://www.fantasypros.com/nfl/players/christian-blake.php,christian-blake.php,https://images.fantasypros.com/images/players/nfl/17855/headshot/210x210.png,https://images.fantasypros.com/images/players/nfl/17855/headshot/210x210.png,31347,2925200,6,0.0,0.0,0,vs. NO,NO,,130,109,129,122.25,7.85,,,,WR130,F,2.6,0.5653440366972476
18902,Alex Bachman,427038d8-ff50-4d6e-a088-4fdb8bc2f0e3,NYG,WR,WR,A. Bachman,WR,WR,https://www.fantasypros.com/nfl/players/alex-bachman.php,alex-bachman.php,https://images.fantasypros.com/images/players/nfl/18902/headshot/210x210.png,https://images.fantasypros.com/images/players/nfl/18902/headshot/210x210.png,32124,2186388,10,0.0,0.0,0,vs. WAS,WAS,,131,116,135,127.40,8.91,,,,WR131,F,2.6,0.6843801724137932
20105,Demetric Felton,0752f1c9-fc3e-44bc-b6ad-03f8f7f4191c,CLE,RB,RB,D. Felton,"WR,RB","WR,RB",https://www.fantasypros.com/nfl/players/demetric-felton.php,demetric-felton.php,https://images.fantasypros.com/images/players/nfl/20105/headshot/210x210.png,https://images.fantasypros.com/images/players/nfl/20105/headshot/210x210.png,33599,2240193,13,0.7,0.4,1,vs. CIN,CIN,-17.0,132,103,138,116.00,15.64,,,,WR132,F,2.5,2.3748504854368937
18585,Greg Dortch,4484c7d1-025a-4f26-8e9b-48503afb0c68,ARI,WR,WR,G. Dortch,WR,WR,https://www.fantasypros.com/nfl/players/greg-dortch.php,greg-dortch.php,https://images.fantasypros.com/images/players/nfl/18585/headshot/210x210.png,https://images.fantasypros.com/images/players/nfl/18585/headshot/210x210.png,32523,2223207,12,0.0,0.0,0,vs. SEA,SEA,-15.0,133,107,139,125.25,11.54,,,,WR133,F,2.4,1.2445943925233642
20125,Anthony Schwartz,98374ffa-8c40-49ce-bc85-745ad7d74f91,CLE,WR,WR,A. Schwartz,WR,WR,https://www.fantasypros.com/nfl/players/anthony-schwartz.php,anthony-schwartz.php,https://images.fantasypros.com/images/players/nfl/20125/headshot/210x210.png,https://images.fantasypros.com/images/players/nfl/20125/headshot/210x210.png,33479,2965374,13,0.3,0.3,0,vs. CIN,CIN,,134,118,133,126.00,5.87,,,,WR134,F,2.4,0.2920076271186441
19739,Cody White,d25a19a7-7de6-4476-b42a-833c8c3cb208,PIT,WR,WR,C. White,WR,WR,https://www.fantasypros.com/nfl/players/cody-white-wr.php,cody-white-wr.php,https://images.fantasypros.com/images/players/nfl/19739/headshot/210x210.png,https://images.fantasypros.com/images/players/nfl/19739/headshot/210x210.png,32948,2865884,7,0.0,0.0,0,at BAL,BAL,,135,117,159,130.00,16.93,,,,WR135,F,2.3,2.44978547008547
18235,J.J. Arcega-Whiteside,0cc1a941-1a6d-4a4a-8c7c-88157165c126,PHI,WR,WR,J.J. Arcega-Whiteside,WR,WR,https://www.fantasypros.com/nfl/players/jj-arcega-whiteside.php,jj-arcega-whiteside.php,https://images.fantasypros.com/images/players/nfl/18235/headshot/210x210.png,https://images.fantasypros.com/images/players/nfl/18235/headshot/210x210.png,31889,2186820,14,0.1,0.1,0,vs. DAL,DAL,,136,98,142,127.00,17.42,,,,WR136,F,2.3,3.0964938775510213
19801,Tylan Wallace,29269863-13cf-4c66-ac3c-5d9a47e2040a,BAL,WR,WR,T. Wallace,WR,WR,https://www.fantasypros.com/nfl/players/tylan-wallace.php,tylan-wallace.php,https://images.fantasypros.com/images/players/nfl/19801/headshot/210x210.png,https://images.fantasypros.com/images/players/nfl/19801/headshot/210x210.png,33519,2866424,8,0.1,0.1,0,vs. PIT,PIT,,137,120,132,127.75,4.71,,,,WR137,F,2.3,0.18486750000000002
12118,Sammy Watkins,7d80b51f-1462-442e-aa7f-8c320a62deed,BAL,WR,WR,S. Watkins,WR,WR,https://www.fantasypros.com/nfl/players/sammy-watkins.php,sammy-watkins.php,https://images.fantasypros.com/images/players/nfl/12118/headshot/210x210.png,https://images.fantasypros.com/images/players/nfl/12118/headshot/210x210.png,27532,1850743,8,7.0,6.9,7,vs. PIT,PIT,,138,122,136,128.75,5.89,,,,WR138,F,2.2,0.28436147540983603
11611,Kenny Stills,4734f8dc-2ca4-4437-88f2-c8b8974abefc,NO,WR,WR,K. Stills,WR,WR,https://www.fantasypros.com/nfl/players/kenny-stills.php,kenny-stills.php,https://images.fantasypros.com/images/players/nfl/11611/headshot/210x210.png,https://images.fantasypros.com/images/players/nfl/11611/headshot/210x210.png,26767,1737295,6,0.1,0.1,0,at ATL,ATL,,139,119,134,125.00,6.48,,,,WR139,F,2.0,0.35286050420168075
20127,Shi Smith,1e664071-60d0-47da-94c8-e5c8617e11f6,CAR,WR,WR,S. Smith,WR,WR,https://www.fantasypros.com/nfl/players/shi-smith.php,shi-smith.php,https://images.fantasypros.com/images/players/nfl/20127/headshot/210x210.png,https://images.fantasypros.com/images/players/nfl/20127/headshot/210x210.png,33592,2869963,13,0.1,0.1,0,at TB,TB,,140,121,134,130.00,5.24,,,,WR140,F,1.9,0.2269223140495868
17714,Vyncint Smith,a63918a5-da89-40d9-8518-30a3e0e46da1,NYJ,WR,WR,V. Smith,WR,WR,https://www.fantasypros.com/nfl/players/vyncint-smith.php,vyncint-smith.php,https://images.fantasypros.com/images/players/nfl/17714/headshot/210x210.png,https://images.fantasypros.com/images/players/nfl/17714/headshot/210x210.png,31588,2926495,6,0.0,0.0,0,at BUF,BUF,,141,121,130,126.67,4.03,,,,WR141,F,1.9,0.13422231404958682
18787,Penny Hart,a296f2fe-7af8-4796-b50a-28ef010d0933,SEA,WR,WR,P. Hart,WR,WR,https://www.fantasypros.com/nfl/players/penny-hart.php,penny-hart.php,https://images.fantasypros.com/images/players/nfl/18787/headshot/210x210.png,https://images.fantasypros.com/images/players/nfl/18787/headshot/210x210.png,32293,2183625,9,0.0,0.0,0,at ARI,ARI,,142,125,138,133.75,5.12,,,,WR142,F,1.7,0.20971520000000002
11440,Josh Gordon,b228c353-bb1f-4ba8-aa6d-d18ecf297259,KC,WR,WR,J. Gordon,WR,WR,https://www.fantasypros.com/nfl/players/josh-gordon.php,josh-gordon.php,https://images.fantasypros.com/images/players/nfl/11440/headshot/210x210.png,https://images.fantasypros.com/images/players/nfl/11440/headshot/210x210.png,26561,1686045,12,1.9,1.7,2,at DEN,DEN,,143,125,143,134.50,7.30,,,,WR143,F,1.7,0.42632
14083,Jake Kumerow,aa759477-6206-4984-ab9c-eb213abfd020,BUF,WR,WR,J. Kumerow,WR,WR,https://www.fantasypros.com/nfl/players/jake-kumerow.php,jake-kumerow.php,https://images.fantasypros.com/images/players/nfl/14083/headshot/210x210.png,https://images.fantasypros.com/images/players/nfl/14083/headshot/210x210.png,28974,2174839,7,0.1,0.1,0,vs. NYJ,NYJ,,144,104,153,128.50,24.50,,,,WR144,F,1.6,5.771634615384615
19052,Tom Kennedy,dc51b38c-dc82-44ee-a88b-764d681ce58a,DET,WR,WR,T. Kennedy,WR,WR,https://www.fantasypros.com/nfl/players/tom-kennedy.php,tom-kennedy.php,https://images.fantasypros.com/images/players/nfl/19052/headshot/210x210.png,https://images.fantasypros.com/images/players/nfl/19052/headshot/210x210.png,32561,3117113,9,0.0,0.0,0,vs. GB,GB,,145,112,139,125.50,13.50,,,,WR145,F,1.6,1.6272321428571428
19736,Dezmon Patmon,be29caf2-9942-4e21-939a-a29407555c56,IND,WR,WR,D. Patmon,WR,WR,https://www.fantasypros.com/nfl/players/dezmon-patmon.php,dezmon-patmon.php,https://images.fantasypros.com/images/players/nfl/19736/headshot/210x210.png,https://images.fantasypros.com/images/players/nfl/19736/headshot/210x210.png,32882,2221990,14,0.0,0.0,0,at JAC,JAC,,146,126,141,135.25,5.58,,,,WR146,F,1.5,0.24711428571428573
18984,D.J. Montgomery,021f2c32-0876-4db3-9605-e829f7d449d7,NYJ,WR,WR,D.J. Montgomery,WR,WR,https://www.fantasypros.com/nfl/players/dj-montgomery.php,dj-montgomery.php,https://images.fantasypros.com/images/players/nfl/18984/headshot/210x210.png,https://images.fantasypros.com/images/players/nfl/18984/headshot/210x210.png,32283,3116788,6,0.0,0.0,0,at BUF,BUF,,147,126,144,132.67,8.06,,,,WR147,F,1.5,0.5155841269841271
17888,Trent Sherfield,18ccb826-5584-4f6a-8434-cf9a3b927b0f,SF,WR,WR,T. Sherfield,WR,WR,https://www.fantasypros.com/nfl/players/trent-sherfield.php,trent-sherfield.php,https://images.fantasypros.com/images/players/nfl/17888/headshot/210x210.png,https://images.fantasypros.com/images/players/nfl/17888/headshot/210x210.png,31320,2139758,6,0.1,0.1,0,at LAR,LAR,,148,128,148,138.50,7.12,,,,WR148,F,1.4,0.39605
