Entry ID,Contest Name,Contest ID,Entry Fee,QB,RB,RB,WR,WR,WR,TE,FLEX,DST,,Instructions,,,,,,
865327798,NFL $4M Fantasy Football Millionaire [$1M to 1st],46316614,$20 ,Carson Palmer (9614765),Andre Ellington (9614770),Jordan Howard (9614384),DeSean Jackson (9614816),Jordy Nelson (9614523),Adam Thielen (9614556),Travis Kelce (9614919),John Brown (9614784),Bears (9614414),,1. Column A lists all of your contest entries for this draftgroup,,,,,,
865327799,NFL $4M Fantasy Football Millionaire [$1M to 1st],46316614,$20 ,Carson Palmer (9614765),Andre Ellington (9614770),Todd Gurley II (9614836),Brandin Cooks (9614652),Jermaine Kearse (9614684),Jarvis Landry (9614362),Cameron Brate (9614824),John Brown (9614784),Rams (9614864),,2. Your current lineup is listed next to each entry (blank for reservations),,,,,,
865327800,NFL $4M Fantasy Football Millionaire [$1M to 1st],46316614,$20 ,Carson Palmer (9614765),Devonta Freeman (9614321),Mike Gillislee (9614640),Keenan Allen (9614999),John Brown (9614784),Amari Cooper (9614971),Jordan Reed (9614756),Andre Ellington (9614770),Patriots (9614670),,3. You can change the lineup for an entry by entering the IDs of the players in the row next to that entry,,,,,,
865327801,NFL $4M Fantasy Football Millionaire [$1M to 1st],46316614,$20 ,Carson Palmer (9614765),Mark Ingram (9614609),Duke Johnson Jr. (9614478),John Brown (9614784),Mike Evans (9614814),DeAndre Hopkins (9614458),Rob Gronkowski (9614664),Andre Ellington (9614770),Saints (9614637),,4. Use data from the Name+ID column or the ID column; you cannot use just the player's name,,,,,,
865327802,NFL $4M Fantasy Football Millionaire [$1M to 1st],46316614,$20 ,Carson Palmer (9614765),Le'Veon Bell (9614931),Andre Ellington (9614770),Davante Adams (9614527),Julio Jones (9614331),Kenny Stills (9614364),Kyle Rudolph (9614568),John Brown (9614784),Raiders (9614985),,5. For faster processing only include entries you are changing in the file you upload,,,,,,
865327803,NFL $4M Fantasy Football Millionaire [$1M to 1st],46316614,$20 ,Carson Palmer (9614765),Andre Ellington (9614770),Jordan Howard (9614384),Davante Adams (9614527),Jermaine Kearse (9614684),Adam Thielen (9614556),Rob Gronkowski (9614664),DeSean Jackson (9614816),Jaguars (9614895),,,,,,,,
865327804,NFL $4M Fantasy Football Millionaire [$1M to 1st],46316614,$20 ,Carson Palmer (9614765),Andre Ellington (9614770),Todd Gurley II (9614836),DeSean Jackson (9614816),Jarvis Landry (9614362),Jordy Nelson (9614523),Kyle Rudolph (9614568),Marshawn Lynch (9614961),Raiders (9614985),,Position,Name + ID,Name,ID,Salary,Game Info,TeamAbbrev
865327805,NFL $4M Fantasy Football Millionaire [$1M to 1st],46316614,$20 ,Carson Palmer (9614765),Jay Ajayi (9614352),Andre Ellington (9614770),Brandin Cooks (9614652),Pierre Garcon (9614715),Terrelle Pryor Sr. (9614746),Austin Seferian-Jenkins (9614698),DeSean Jackson (9614816),Chiefs (9614927),,RB,Le'Veon Bell (9614931),Le'Veon Bell,9614931,9600,PIT@KC 04:25PM ET,PIT
865327806,NFL $4M Fantasy Football Millionaire [$1M to 1st],46316614,$20 ,Carson Palmer (9614765),Devonta Freeman (9614321),Samaje Perine (9614742),Robby Anderson (9614686),Chris Hogan (9614654),DeSean Jackson (9614816),Travis Kelce (9614919),Andre Ellington (9614770),Redskins (9614764),,WR,Antonio Brown (9614939),Antonio Brown,9614939,9300,PIT@KC 04:25PM ET,PIT
865327807,NFL $4M Fantasy Football Millionaire [$1M to 1st],46316614,$20 ,Carson Palmer (9614765),Andre Ellington (9614770),Duke Johnson Jr. (9614478),Michael Crabtree (9614969),DeSean Jackson (9614816),Tyrell Williams (9615001),Ryan Griffin (9614468),Le'Veon Bell (9614931),Steelers (9614957),,WR,Julio Jones (9614331),Julio Jones,9614331,8300,MIA@ATL 01:00PM ET,ATL
865327808,NFL $4M Fantasy Football Millionaire [$1M to 1st],46316614,$20 ,Carson Palmer (9614765),Andre Ellington (9614770),Jordan Howard (9614384),Jermaine Kearse (9614684),Jordy Nelson (9614523),Adam Thielen (9614556),Rob Gronkowski (9614664),J.J. Nelson (9614786),Jaguars (9614895),,QB,Tom Brady (9614638),Tom Brady,9614638,8300,NE@NYJ 01:00PM ET,NE
865327809,NFL $4M Fantasy Football Millionaire [$1M to 1st],46316614,$20 ,Carson Palmer (9614765),Andre Ellington (9614770),Lamar Miller (9614448),Amari Cooper (9614971),DeSean Jackson (9614816),J.J. Nelson (9614786),Travis Kelce (9614919),Keenan Allen (9614999),Texans (9614474),,RB,Kareem Hunt (9614899),Kareem Hunt,9614899,8200,PIT@KC 04:25PM ET,KC
865327810,NFL $4M Fantasy Football Millionaire [$1M to 1st],46316614,$20 ,Carson Palmer (9614765),Andre Ellington (9614770),Todd Gurley II (9614836),Brandin Cooks (9614652),Jermaine Kearse (9614684),Jarvis Landry (9614362),Cameron Brate (9614824),J.J. Nelson (9614786),Rams (9614864),,WR,DeAndre Hopkins (9614458),DeAndre Hopkins,9614458,8100,CLE@HOU 01:00PM ET,HOU
865327811,NFL $4M Fantasy Football Millionaire [$1M to 1st],46316614,$20 ,Carson Palmer (9614765),Andre Ellington (9614770),Duke Johnson Jr. (9614478),Mike Evans (9614814),Pierre Garcon (9614715),DeAndre Hopkins (9614458),Jordan Reed (9614756),J.J. Nelson (9614786),Packers (9614541),,RB,Leonard Fournette (9614867),Leonard Fournette,9614867,8000,LAR@JAX 04:05PM ET,JAX
865327812,NFL $4M Fantasy Football Millionaire [$1M to 1st],46316614,$20 ,Carson Palmer (9614765),Andre Ellington (9614770),Carlos Hyde (9614707),Chris Hogan (9614654),Julio Jones (9614331),DeVante Parker (9614360),Austin Seferian-Jenkins (9614698),J.J. Nelson (9614786),49ers (9614735),,WR,Keenan Allen (9614999),Keenan Allen,9614999,7900,LAC@OAK 04:25PM ET,LAC
865327813,NFL $4M Fantasy Football Millionaire [$1M to 1st],46316614,$20 ,Carson Palmer (9614765),Mike Gillislee (9614640),Todd Gurley II (9614836),Davante Adams (9614527),DeSean Jackson (9614816),Adam Thielen (9614556),Jordan Reed (9614756),John Brown (9614784),Patriots (9614670),,RB,Melvin Gordon (9614989),Melvin Gordon,9614989,7800,LAC@OAK 04:25PM ET,LAC
865327814,NFL $4M Fantasy Football Millionaire [$1M to 1st],46316614,$20 ,Carson Palmer (9614765),Jordan Howard (9614384),Carlos Hyde (9614707),Brandin Cooks (9614652),DeSean Jackson (9614816),Jermaine Kearse (9614684),Travis Kelce (9614919),John Brown (9614784),Bears (9614414),,RB,Todd Gurley II (9614836),Todd Gurley II,9614836,7700,LAR@JAX 04:05PM ET,LAR
865327815,NFL $4M Fantasy Football Millionaire [$1M to 1st],46316614,$20 ,Carson Palmer (9614765),Leonard Fournette (9614867),Lamar Miller (9614448),Pierre Garcon (9614715),DeSean Jackson (9614816),Terrelle Pryor Sr. (9614746),Austin Seferian-Jenkins (9614698),John Brown (9614784),Jaguars (9614895),,WR,Brandin Cooks (9614652),Brandin Cooks,9614652,7600,NE@NYJ 01:00PM ET,NE
865327816,NFL $4M Fantasy Football Millionaire [$1M to 1st],46316614,$20 ,Carson Palmer (9614765),Kareem Hunt (9614899),Duke Johnson Jr. (9614478),DeSean Jackson (9614816),Jordy Nelson (9614523),Adam Thielen (9614556),Ryan Griffin (9614468),John Brown (9614784),Chiefs (9614927),,WR,Stefon Diggs (9614554),Stefon Diggs,9614554,7500,GB@MIN 01:00PM ET,MIN
865327817,NFL $4M Fantasy Football Millionaire [$1M to 1st],46316614,$20 ,Carson Palmer (9614765),Le'Veon Bell (9614931),Aaron Jones (9614515),DeSean Jackson (9614816),Marvin Jones Jr. (9614591),Michael Thomas (9614619),Kyle Rudolph (9614568),John Brown (9614784),Steelers (9614957),,RB,Devonta Freeman (9614321),Devonta Freeman,9614321,7400,MIA@ATL 01:00PM ET,ATL
865327818,NFL $4M Fantasy Football Millionaire [$1M to 1st],46316614,$20 ,Carson Palmer (9614765),Jordan Howard (9614384),Duke Johnson Jr. (9614478),Larry Fitzgerald (9614782),Will Fuller V (9614460),DeSean Jackson (9614816),Rob Gronkowski (9614664),Andre Ellington (9614770),Bears (9614414),,QB,Aaron Rodgers (9614511),Aaron Rodgers,9614511,7300,GB@MIN 01:00PM ET,GB
865327819,NFL $4M Fantasy Football Millionaire [$1M to 1st],46316614,$20 ,Carson Palmer (9614765),Andre Ellington (9614770),James White (9614642),Mike Evans (9614814),Jermaine Kearse (9614684),Jordy Nelson (9614523),Kyle Rudolph (9614568),Larry Fitzgerald (9614782),Jaguars (9614895),,WR,Michael Thomas (9614619),Michael Thomas,9614619,7300,DET@NO 01:00PM ET,NO
865327820,NFL $4M Fantasy Football Millionaire [$1M to 1st],46316614,$20 ,Carson Palmer (9614765),Tevin Coleman (9614323),Andre Ellington (9614770),Davante Adams (9614527),Brandin Cooks (9614652),Adam Thielen (9614556),Austin Seferian-Jenkins (9614698),Larry Fitzgerald (9614782),Chiefs (9614927),,QB,Drew Brees (9614606),Drew Brees,9614606,7200,DET@NO 01:00PM ET,NO
865327821,NFL $4M Fantasy Football Millionaire [$1M to 1st],46316614,$20 ,Carson Palmer (9614765),Andre Ellington (9614770),Todd Gurley II (9614836),Jamison Crowder (9614748),Pierre Garcon (9614715),Jarvis Landry (9614362),Cameron Brate (9614824),Larry Fitzgerald (9614782),Rams (9614864),,WR,Jordy Nelson (9614523),Jordy Nelson,9614523,7100,GB@MIN 01:00PM ET,GB
865327822,NFL $4M Fantasy Football Millionaire [$1M to 1st],46316614,$20 ,Carson Palmer (9614765),Andre Ellington (9614770),Lamar Miller (9614448),Robby Anderson (9614686),Larry Fitzgerald (9614782),Chris Hogan (9614654),Travis Kelce (9614919),Martavis Bryant (9614941),Texans (9614474),,QB,Matt Ryan (9614319),Matt Ryan,9614319,7000,MIA@ATL 01:00PM ET,ATL
865327823,NFL $4M Fantasy Football Millionaire [$1M to 1st],46316614,$20 ,Carson Palmer (9614765),Andre Ellington (9614770),Jordan Howard (9614384),Jermaine Kearse (9614684),Jordy Nelson (9614523),Adam Thielen (9614556),Rob Gronkowski (9614664),Jaron Brown (9614788),Bears (9614414),,WR,Chris Hogan (9614654),Chris Hogan,9614654,7000,NE@NYJ 01:00PM ET,NE
865327824,NFL $4M Fantasy Football Millionaire [$1M to 1st],46316614,$20 ,Carson Palmer (9614765),Andre Ellington (9614770),Todd Gurley II (9614836),Jaron Brown (9614788),Pierre Garcon (9614715),Terrelle Pryor Sr. (9614746),Travis Kelce (9614919),Martavis Bryant (9614941),Rams (9614864),,WR,Mike Evans (9614814),Mike Evans,9614814,6900,TB@ARI 04:05PM ET,TB
865327825,NFL $4M Fantasy Football Millionaire [$1M to 1st],46316614,$20 ,Carson Palmer (9614765),Le'Veon Bell (9614931),Andre Ellington (9614770),Davante Adams (9614527),Robby Anderson (9614686),Brandin Cooks (9614652),Kyle Rudolph (9614568),Jaron Brown (9614788),Raiders (9614985),,WR,Golden Tate (9614589),Golden Tate,9614589,6800,DET@NO 01:00PM ET,DET
865327826,NFL $4M Fantasy Football Millionaire [$1M to 1st],46316614,$20 ,Carson Palmer (9614765),Andre Ellington (9614770),Devonta Freeman (9614321),Danny Amendola (9614656),Jaron Brown (9614788),Amari Cooper (9614971),Austin Seferian-Jenkins (9614698),Keenan Allen (9614999),Falcons (9614349),,TE,Rob Gronkowski (9614664),Rob Gronkowski,9614664,6800,NE@NYJ 01:00PM ET,NE
865327827,NFL $4M Fantasy Football Millionaire [$1M to 1st],46316614,$20 ,Carson Palmer (9614765),Andre Ellington (9614770),Mike Gillislee (9614640),Jaron Brown (9614788),Marvin Jones Jr. (9614591),Michael Thomas (9614619),Jordan Reed (9614756),Melvin Gordon (9614989),Patriots (9614670),,QB,Kirk Cousins (9614736),Kirk Cousins,9614736,6800,SF@WAS 01:00PM ET,WAS
865327828,NFL $4M Fantasy Football Millionaire [$1M to 1st],46316614,$20 ,Carson Palmer (9614765),Jordan Howard (9614384),Carlos Hyde (9614707),Mike Evans (9614814),Larry Fitzgerald (9614782),Jordy Nelson (9614523),Kyle Rudolph (9614568),John Brown (9614784),Bears (9614414),,WR,Larry Fitzgerald (9614782),Larry Fitzgerald,9614782,6800,TB@ARI 04:05PM ET,ARI
865327829,NFL $4M Fantasy Football Millionaire [$1M to 1st],46316614,$20 ,Carson Palmer (9614765),Todd Gurley II (9614836),James White (9614642),Davante Adams (9614527),Larry Fitzgerald (9614782),Adam Thielen (9614556),Austin Seferian-Jenkins (9614698),John Brown (9614784),Rams (9614864),,QB,Deshaun Watson (9614446),Deshaun Watson,9614446,6700,CLE@HOU 01:00PM ET,HOU
865327830,NFL $4M Fantasy Football Millionaire [$1M to 1st],46316614,$20 ,Carson Palmer (9614765),Jay Ajayi (9614352),Lamar Miller (9614448),John Brown (9614784),Larry Fitzgerald (9614782),Jermaine Kearse (9614684),Rob Gronkowski (9614664),Melvin Gordon (9614989),Dolphins (9614380),,RB,Ty Montgomery (9614513),Ty Montgomery,9614513,6700,GB@MIN 01:00PM ET,GB
865327831,NFL $4M Fantasy Football Millionaire [$1M to 1st],46316614,$20 ,Carson Palmer (9614765),Javorius Allen (9614417),Theo Riddick (9614581),Larry Fitzgerald (9614782),DeSean Jackson (9614816),Michael Thomas (9614619),Travis Kelce (9614919),John Brown (9614784),Ravens (9614445),,WR,Jarvis Landry (9614362),Jarvis Landry,9614362,6600,MIA@ATL 01:00PM ET,MIA
865327832,NFL $4M Fantasy Football Millionaire [$1M to 1st],46316614,$20 ,Carson Palmer (9614765),Devonta Freeman (9614321),Mark Ingram (9614609),Larry Fitzgerald (9614782),Pierre Garcon (9614715),Jarvis Landry (9614362),Jordan Reed (9614756),John Brown (9614784),Saints (9614637),,QB,Philip Rivers (9614986),Philip Rivers,9614986,6600,LAC@OAK 04:25PM ET,LAC
865327833,NFL $4M Fantasy Football Millionaire [$1M to 1st],46316614,$20 ,Carson Palmer (9614765),Andre Ellington (9614770),Jordan Howard (9614384),Jermaine Kearse (9614684),Jordy Nelson (9614523),Adam Thielen (9614556),Rob Gronkowski (9614664),Adam Humphries (9614818),Jaguars (9614895),,QB,Matthew Stafford (9614577),Matthew Stafford,9614577,6500,DET@NO 01:00PM ET,DET
865327834,NFL $4M Fantasy Football Millionaire [$1M to 1st],46316614,$20 ,Carson Palmer (9614765),Andre Ellington (9614770),Todd Gurley II (9614836),Keenan Allen (9614999),Danny Amendola (9614656),Adam Humphries (9614818),Austin Seferian-Jenkins (9614698),Michael Crabtree (9614969),Rams (9614864),,RB,David Johnson (9614768),David Johnson,9614768,6500,TB@ARI 04:05PM ET,ARI
865327835,NFL $4M Fantasy Football Millionaire [$1M to 1st],46316614,$20 ,Carson Palmer (9614765),Andre Ellington (9614770),Lamar Miller (9614448),Adam Humphries (9614818),Julio Jones (9614331),DeVante Parker (9614360),Travis Kelce (9614919),Martavis Bryant (9614941),Texans (9614474),,QB,Alex Smith (9614896),Alex Smith,9614896,6400,PIT@KC 04:25PM ET,KC
865327836,NFL $4M Fantasy Football Millionaire [$1M to 1st],46316614,$20 ,Carson Palmer (9614765),Andre Ellington (9614770),Duke Johnson Jr. (9614478),DeAndre Hopkins (9614458),Golden Tate (9614589),Michael Thomas (9614619),Kyle Rudolph (9614568),Adam Humphries (9614818),Redskins (9614764),,WR,Tyreek Hill (9614907),Tyreek Hill,9614907,6400,PIT@KC 04:25PM ET,KC
865327837,NFL $4M Fantasy Football Millionaire [$1M to 1st],46316614,$20 ,Carson Palmer (9614765),Devonta Freeman (9614321),Mike Gillislee (9614640),Adam Humphries (9614818),Jordy Nelson (9614523),Adam Thielen (9614556),Jordan Reed (9614756),Andre Ellington (9614770),Patriots (9614670),,WR,Pierre Garcon (9614715),Pierre Garcon,9614715,6300,SF@WAS 01:00PM ET,SF
865327838,NFL $4M Fantasy Football Millionaire [$1M to 1st],46316614,$20 ,Philip Rivers (9614986),Devonta Freeman (9614321),Jordan Howard (9614384),Davante Adams (9614527),Michael Crabtree (9614969),Adam Thielen (9614556),Hunter Henry (9615009),Doug Martin (9614806),Buccaneers (9614832),,WR,DeVante Parker (9614360),DeVante Parker,9614360,6200,MIA@ATL 01:00PM ET,MIA
865327839,NFL $4M Fantasy Football Millionaire [$1M to 1st],46316614,$20 ,Philip Rivers (9614986),Jay Ajayi (9614352),Lamar Miller (9614448),Brandin Cooks (9614652),Michael Crabtree (9614969),Jermaine Kearse (9614684),Hunter Henry (9615009),Todd Gurley II (9614836),Dolphins (9614380),,RB,Carlos Hyde (9614707),Carlos Hyde,9614707,6200,SF@WAS 01:00PM ET,SF
865327840,NFL $4M Fantasy Football Millionaire [$1M to 1st],46316614,$20 ,Philip Rivers (9614986),Andre Ellington (9614770),James White (9614642),Mike Evans (9614814),Pierre Garcon (9614715),Terrelle Pryor Sr. (9614746),Hunter Henry (9615009),Michael Crabtree (9614969),Jaguars (9614895),,QB,Jameis Winston (9614803),Jameis Winston,9614803,6200,TB@ARI 04:05PM ET,TB
865327841,NFL $4M Fantasy Football Millionaire [$1M to 1st],46316614,$20 ,Philip Rivers (9614986),Javorius Allen (9614417),Carlos Hyde (9614707),Michael Crabtree (9614969),Jordy Nelson (9614523),Adam Thielen (9614556),Hunter Henry (9615009),Mike Gillislee (9614640),Patriots (9614670),,QB,Carson Palmer (9614765),Carson Palmer,9614765,6100,TB@ARI 04:05PM ET,ARI
865327842,NFL $4M Fantasy Football Millionaire [$1M to 1st],46316614,$20 ,Philip Rivers (9614986),Jerick McKinnon (9614548),Theo Riddick (9614581),Julio Jones (9614331),Jarvis Landry (9614362),Michael Thomas (9614619),Hunter Henry (9615009),Michael Crabtree (9614969),Vikings (9614576),,TE,Travis Kelce (9614919),Travis Kelce,9614919,6100,PIT@KC 04:25PM ET,KC
865327843,NFL $4M Fantasy Football Millionaire [$1M to 1st],46316614,$20 ,Carson Palmer (9614765),Todd Gurley II (9614836),James White (9614642),DeSean Jackson (9614816),Jordy Nelson (9614523),Adam Thielen (9614556),Austin Seferian-Jenkins (9614698),J.J. Nelson (9614786),Rams (9614864),,QB,Sam Bradford (9614542),Sam Bradford,9614542,6000,GB@MIN 01:00PM ET,MIN
865327844,NFL $4M Fantasy Football Millionaire [$1M to 1st],46316614,$20 ,Carson Palmer (9614765),Jordan Howard (9614384),Carlos Hyde (9614707),Brandin Cooks (9614652),DeSean Jackson (9614816),Jermaine Kearse (9614684),Travis Kelce (9614919),J.J. Nelson (9614786),Bears (9614414),,WR,Adam Thielen (9614556),Adam Thielen,9614556,6000,GB@MIN 01:00PM ET,MIN
865327845,NFL $4M Fantasy Football Millionaire [$1M to 1st],46316614,$20 ,Carson Palmer (9614765),Le'Veon Bell (9614931),Aaron Jones (9614515),Pierre Garcon (9614715),DeSean Jackson (9614816),Terrelle Pryor Sr. (9614746),Kyle Rudolph (9614568),J.J. Nelson (9614786),Steelers (9614957),,RB,Bilal Powell (9614674),Bilal Powell,9614674,6000,NE@NYJ 01:00PM ET,NYJ
865327846,NFL $4M Fantasy Football Millionaire [$1M to 1st],46316614,$20 ,Carson Palmer (9614765),Duke Johnson Jr. (9614478),Jerick McKinnon (9614548),Randall Cobb (9614525),DeAndre Hopkins (9614458),DeSean Jackson (9614816),Rob Gronkowski (9614664),J.J. Nelson (9614786),Jaguars (9614895),,RB,Jordan Howard (9614384),Jordan Howard,9614384,5900,CHI@BAL 01:00PM ET,CHI
865327847,NFL $4M Fantasy Football Millionaire [$1M to 1st],46316614,$20 ,Carson Palmer (9614765),Kareem Hunt (9614899),Mark Ingram (9614609),Amari Cooper (9614971),DeSean Jackson (9614816),J.J. Nelson (9614786),Jordan Reed (9614756),Keenan Allen (9614999),Chiefs (9614927),,WR,Randall Cobb (9614525),Randall Cobb,9614525,5900,GB@MIN 01:00PM ET,GB
865327848,NFL $4M Fantasy Football Millionaire [$1M to 1st],46316614,$20 ,Philip Rivers (9614986),Devonta Freeman (9614321),Lamar Miller (9614448),Amari Cooper (9614971),Jordy Nelson (9614523),Adam Thielen (9614556),Hunter Henry (9615009),Doug Martin (9614806),Buccaneers (9614832),,QB,Derek Carr (9614958),Derek Carr,9614958,5900,LAC@OAK 04:25PM ET,OAK
865327849,NFL $4M Fantasy Football Millionaire [$1M to 1st],46316614,$20 ,Philip Rivers (9614986),Jay Ajayi (9614352),Carlos Hyde (9614707),Brandin Cooks (9614652),Amari Cooper (9614971),Jermaine Kearse (9614684),Hunter Henry (9615009),Todd Gurley II (9614836),Dolphins (9614380),,RB,Doug Martin (9614806),Doug Martin,9614806,5800,TB@ARI 04:05PM ET,TB
865327850,NFL $4M Fantasy Football Millionaire [$1M to 1st],46316614,$20 ,Philip Rivers (9614986),Ameer Abdullah (9614579),Jordan Howard (9614384),Larry Fitzgerald (9614782),DeSean Jackson (9614816),Michael Thomas (9614619),Hunter Henry (9615009),Amari Cooper (9614971),Jaguars (9614895),,WR,DeSean Jackson (9614816),DeSean Jackson,9614816,5800,TB@ARI 04:05PM ET,TB
865327851,NFL $4M Fantasy Football Millionaire [$1M to 1st],46316614,$20 ,Philip Rivers (9614986),Andre Ellington (9614770),Aaron Jones (9614515),Mike Evans (9614814),Julio Jones (9614331),Kenny Stills (9614364),Hunter Henry (9615009),Amari Cooper (9614971),Texans (9614474),,WR,Michael Crabtree (9614969),Michael Crabtree,9614969,5800,LAC@OAK 04:25PM ET,OAK
865327852,NFL $4M Fantasy Football Millionaire [$1M to 1st],46316614,$20 ,Philip Rivers (9614986),Javorius Allen (9614417),Duke Johnson Jr. (9614478),Pierre Garcon (9614715),DeAndre Hopkins (9614458),Terrelle Pryor Sr. (9614746),Hunter Henry (9615009),Amari Cooper (9614971),Ravens (9614445),,RB,Jay Ajayi (9614352),Jay Ajayi,9614352,5700,MIA@ATL 01:00PM ET,MIA
865327853,NFL $4M Fantasy Football Millionaire [$1M to 1st],46316614,$20 ,Matt Ryan (9614319),Mike Gillislee (9614640),Jordan Howard (9614384),Taylor Gabriel (9614335),Jordy Nelson (9614523),Adam Thielen (9614556),Travis Kelce (9614919),Kenny Stills (9614364),Patriots (9614670),,WR,Davante Adams (9614527),Davante Adams,9614527,5700,GB@MIN 01:00PM ET,GB
865327854,NFL $4M Fantasy Football Millionaire [$1M to 1st],46316614,$20 ,Matt Ryan (9614319),Kareem Hunt (9614899),Lamar Miller (9614448),Brandin Cooks (9614652),Taylor Gabriel (9614335),Jermaine Kearse (9614684),Jordan Reed (9614756),Kenny Stills (9614364),Chiefs (9614927),,WR,Terrelle Pryor Sr. (9614746),Terrelle Pryor Sr.,9614746,5700,SF@WAS 01:00PM ET,WAS
865327855,NFL $4M Fantasy Football Millionaire [$1M to 1st],46316614,$20 ,Matt Ryan (9614319),Todd Gurley II (9614836),Duke Johnson Jr. (9614478),Danny Amendola (9614656),Taylor Gabriel (9614335),DeAndre Hopkins (9614458),Austin Seferian-Jenkins (9614698),Kenny Stills (9614364),Rams (9614864),,QB,Ben Roethlisberger (9614928),Ben Roethlisberger,9614928,5700,PIT@KC 04:25PM ET,PIT
865327856,NFL $4M Fantasy Football Millionaire [$1M to 1st],46316614,$20 ,Matt Ryan (9614319),Andre Ellington (9614770),Aaron Jones (9614515),Keenan Allen (9614999),Taylor Gabriel (9614335),Kenny Stills (9614364),Rob Gronkowski (9614664),Michael Crabtree (9614969),Packers (9614541),,RB,Aaron Jones (9614515),Aaron Jones,9614515,5600,GB@MIN 01:00PM ET,GB
865327857,NFL $4M Fantasy Football Millionaire [$1M to 1st],46316614,$20 ,Matt Ryan (9614319),Leonard Fournette (9614867),Carlos Hyde (9614707),Taylor Gabriel (9614335),DeSean Jackson (9614816),Kenny Stills (9614364),Kyle Rudolph (9614568),Larry Fitzgerald (9614782),Jaguars (9614895),,WR,Danny Amendola (9614656),Danny Amendola,9614656,5600,NE@NYJ 01:00PM ET,NE
865327858,NFL $4M Fantasy Football Millionaire [$1M to 1st],46316614,$20 ,Brian Hoyer (9614705),Jordan Howard (9614384),Doug Martin (9614806),Pierre Garcon (9614715),Jordy Nelson (9614523),Adam Thielen (9614556),Rob Gronkowski (9614664),Jamison Crowder (9614748),Bears (9614414),,QB,Jimmy Garoppolo (9614639),Jimmy Garoppolo,9614639,5500,NE@NYJ 01:00PM ET,NE
865327859,NFL $4M Fantasy Football Millionaire [$1M to 1st],46316614,$20 ,Brian Hoyer (9614705),Jay Ajayi (9614352),Duke Johnson Jr. (9614478),Brandin Cooks (9614652),Pierre Garcon (9614715),DeAndre Hopkins (9614458),Austin Seferian-Jenkins (9614698),Jamison Crowder (9614748),Jaguars (9614895),,RB,Mike Gillislee (9614640),Mike Gillislee,9614640,5500,NE@NYJ 01:00PM ET,NE
865327860,NFL $4M Fantasy Football Millionaire [$1M to 1st],46316614,$20 ,Brian Hoyer (9614705),Le'Veon Bell (9614931),Aaron Jones (9614515),Amari Cooper (9614971),Jamison Crowder (9614748),Pierre Garcon (9614715),Kyle Rudolph (9614568),Keenan Allen (9614999),Steelers (9614957),,QB,Joe Flacco (9614415),Joe Flacco,9614415,5400,CHI@BAL 01:00PM ET,BAL
865327861,NFL $4M Fantasy Football Millionaire [$1M to 1st],46316614,$20 ,Brian Hoyer (9614705),Jerick McKinnon (9614548),Lamar Miller (9614448),Davante Adams (9614527),Jamison Crowder (9614748),Pierre Garcon (9614715),Travis Kelce (9614919),Antonio Brown (9614939),Texans (9614474),,RB,Javorius Allen (9614417),Javorius Allen,9614417,5400,CHI@BAL 01:00PM ET,BAL
865327862,NFL $4M Fantasy Football Millionaire [$1M to 1st],46316614,$20 ,Brian Hoyer (9614705),Andre Ellington (9614770),Todd Gurley II (9614836),Pierre Garcon (9614715),Julio Jones (9614331),DeVante Parker (9614360),Cameron Brate (9614824),Jamison Crowder (9614748),Rams (9614864),,RB,Lamar Miller (9614448),Lamar Miller,9614448,5400,CLE@HOU 01:00PM ET,HOU
865327863,NFL $4M Fantasy Football Millionaire [$1M to 1st],46316614,$20 ,Carson Palmer (9614765),Jordan Howard (9614384),Marshawn Lynch (9614961),Davante Adams (9614527),Larry Fitzgerald (9614782),Adam Thielen (9614556),Cameron Brate (9614824),Keenan Allen (9614999),Bears (9614414),,WR,Tyrell Williams (9615001),Tyrell Williams,9615001,5400,LAC@OAK 04:25PM ET,LAC
865327864,NFL $4M Fantasy Football Millionaire [$1M to 1st],46316614,$20 ,Carson Palmer (9614765),Jay Ajayi (9614352),Mark Ingram (9614609),Larry Fitzgerald (9614782),Jordy Nelson (9614523),Adam Thielen (9614556),Cameron Brate (9614824),Todd Gurley II (9614836),Dolphins (9614380),,RB,Andre Ellington (9614770),Andre Ellington,9614770,5300,TB@ARI 04:05PM ET,ARI
865327865,NFL $4M Fantasy Football Millionaire [$1M to 1st],46316614,$20 ,Carson Palmer (9614765),Melvin Gordon (9614989),Jerick McKinnon (9614548),Brandin Cooks (9614652),Larry Fitzgerald (9614782),Jermaine Kearse (9614684),Cameron Brate (9614824),Michael Crabtree (9614969),Vikings (9614576),,WR,Will Fuller V (9614460),Will Fuller V,9614460,5200,CLE@HOU 01:00PM ET,HOU
865327866,NFL $4M Fantasy Football Millionaire [$1M to 1st],46316614,$20 ,Carson Palmer (9614765),Ameer Abdullah (9614579),Lamar Miller (9614448),Pierre Garcon (9614715),Terrelle Pryor Sr. (9614746),Michael Thomas (9614619),Cameron Brate (9614824),Larry Fitzgerald (9614782),Jaguars (9614895),,RB,James White (9614642),James White,9614642,5200,NE@NYJ 01:00PM ET,NE
865327867,NFL $4M Fantasy Football Millionaire [$1M to 1st],46316614,$20 ,Carson Palmer (9614765),Devonta Freeman (9614321),Alvin Kamara (9614611),Robby Anderson (9614686),Chris Hogan (9614654),Jarvis Landry (9614362),Cameron Brate (9614824),Larry Fitzgerald (9614782),Chiefs (9614927),,QB,Josh McCown (9614671),Josh McCown,9614671,5200,NE@NYJ 01:00PM ET,NYJ
865327868,NFL $4M Fantasy Football Millionaire [$1M to 1st],46316614,$20 ,Jameis Winston (9614803),Andre Ellington (9614770),Jordan Howard (9614384),Davante Adams (9614527),Brandin Cooks (9614652),Adam Thielen (9614556),Austin Seferian-Jenkins (9614698),DeSean Jackson (9614816),Bears (9614414),,RB,Tarik Cohen (9614386),Tarik Cohen,9614386,5100,CHI@BAL 01:00PM ET,CHI
865327869,NFL $4M Fantasy Football Millionaire [$1M to 1st],46316614,$20 ,Jameis Winston (9614803),Andre Ellington (9614770),Todd Gurley II (9614836),DeSean Jackson (9614816),Jarvis Landry (9614362),Jordy Nelson (9614523),Kyle Rudolph (9614568),Marshawn Lynch (9614961),Raiders (9614985),,RB,Duke Johnson Jr. (9614478),Duke Johnson Jr.,9614478,5100,CLE@HOU 01:00PM ET,CLE
865327870,NFL $4M Fantasy Football Millionaire [$1M to 1st],46316614,$20 ,Jameis Winston (9614803),Andre Ellington (9614770),Lamar Miller (9614448),Pierre Garcon (9614715),Chris Hogan (9614654),Jermaine Kearse (9614684),Jordan Reed (9614756),DeSean Jackson (9614816),Texans (9614474),,QB,Brian Hoyer (9614705),Brian Hoyer,9614705,5100,SF@WAS 01:00PM ET,SF
865327871,NFL $4M Fantasy Football Millionaire [$1M to 1st],46316614,$20 ,Jameis Winston (9614803),Andre Ellington (9614770),Jerick McKinnon (9614548),Michael Crabtree (9614969),DeSean Jackson (9614816),Tyrell Williams (9615001),Travis Kelce (9614919),Antonio Brown (9614939),Dolphins (9614380),,RB,Tevin Coleman (9614323),Tevin Coleman,9614323,5000,MIA@ATL 01:00PM ET,ATL
865327872,NFL $4M Fantasy Football Millionaire [$1M to 1st],46316614,$20 ,Jameis Winston (9614803),Andre Ellington (9614770),Carlos Hyde (9614707),Robby Anderson (9614686),Amari Cooper (9614971),DeSean Jackson (9614816),Rob Gronkowski (9614664),Keenan Allen (9614999),49ers (9614735),,QB,Mitchell Trubisky (9614381),Mitchell Trubisky,9614381,5000,CHI@BAL 01:00PM ET,CHI
865327873,NFL $4M Fantasy Football Millionaire [$1M to 1st],46316614,$20 ,Philip Rivers (9614986),Todd Gurley II (9614836),Duke Johnson Jr. (9614478),Michael Crabtree (9614969),Will Fuller V (9614460),Jordy Nelson (9614523),Kyle Rudolph (9614568),Tyrell Williams (9615001),Rams (9614864),,QB,Case Keenum (9614543),Case Keenum,9614543,5000,GB@MIN 01:00PM ET,MIN
865327874,NFL $4M Fantasy Football Millionaire [$1M to 1st],46316614,$20 ,Philip Rivers (9614986),Andre Ellington (9614770),Jordan Howard (9614384),Michael Crabtree (9614969),DeSean Jackson (9614816),Jermaine Kearse (9614684),Rob Gronkowski (9614664),Tyrell Williams (9615001),Jaguars (9614895),,RB,Chris Thompson (9614738),Chris Thompson,9614738,5000,SF@WAS 01:00PM ET,WAS
865327875,NFL $4M Fantasy Football Millionaire [$1M to 1st],46316614,$20 ,Philip Rivers (9614986),Andre Ellington (9614770),James White (9614642),Michael Crabtree (9614969),Mike Evans (9614814),Pierre Garcon (9614715),Jordan Reed (9614756),Tyrell Williams (9615001),Chiefs (9614927),,TE,Jordan Reed (9614756),Jordan Reed,9614756,5000,SF@WAS 01:00PM ET,WAS
865327876,NFL $4M Fantasy Football Millionaire [$1M to 1st],46316614,$20 ,Philip Rivers (9614986),Mike Gillislee (9614640),Lamar Miller (9614448),Davante Adams (9614527),Michael Crabtree (9614969),Adam Thielen (9614556),Travis Kelce (9614919),Tyrell Williams (9615001),Patriots (9614670),,QB,Jared Goff (9614833),Jared Goff,9614833,5000,LAR@JAX 04:05PM ET,LAR
865327877,NFL $4M Fantasy Football Millionaire [$1M to 1st],46316614,$20 ,Philip Rivers (9614986),Jay Ajayi (9614352),Carlos Hyde (9614707),Brandin Cooks (9614652),Michael Crabtree (9614969),Larry Fitzgerald (9614782),Cameron Brate (9614824),Tyrell Williams (9615001),Dolphins (9614380),,RB,Marshawn Lynch (9614961),Marshawn Lynch,9614961,5000,LAC@OAK 04:25PM ET,OAK
865327878,NFL $4M Fantasy Football Millionaire [$1M to 1st],46316614,$20 ,Carson Palmer (9614765),Devonta Freeman (9614321),Mike Gillislee (9614640),John Brown (9614784),Jordy Nelson (9614523),Adam Thielen (9614556),Jordan Reed (9614756),Jaron Brown (9614788),Patriots (9614670),,WR,Amari Cooper (9614971),Amari Cooper,9614971,5000,LAC@OAK 04:25PM ET,OAK
865327879,NFL $4M Fantasy Football Millionaire [$1M to 1st],46316614,$20 ,Carson Palmer (9614765),Jordan Howard (9614384),Duke Johnson Jr. (9614478),John Brown (9614784),DeAndre Hopkins (9614458),DeSean Jackson (9614816),Rob Gronkowski (9614664),Jaron Brown (9614788),Bears (9614414),,QB,Jay Cutler (9614350),Jay Cutler,9614350,4900,MIA@ATL 01:00PM ET,MIA
865327880,NFL $4M Fantasy Football Millionaire [$1M to 1st],46316614,$20 ,Carson Palmer (9614765),Todd Gurley II (9614836),Samaje Perine (9614742),Jaron Brown (9614788),John Brown (9614784),Amari Cooper (9614971),Travis Kelce (9614919),Keenan Allen (9614999),Redskins (9614764),,RB,Ameer Abdullah (9614579),Ameer Abdullah,9614579,4900,DET@NO 01:00PM ET,DET
865327881,NFL $4M Fantasy Football Millionaire [$1M to 1st],46316614,$20 ,Carson Palmer (9614765),Melvin Gordon (9614989),James White (9614642),John Brown (9614784),Julio Jones (9614331),DeVante Parker (9614360),Cameron Brate (9614824),Jaron Brown (9614788),Chargers (9615017),,WR,Jaron Brown (9614788),Jaron Brown,9614788,4900,TB@ARI 04:05PM ET,ARI
865327882,NFL $4M Fantasy Football Millionaire [$1M to 1st],46316614,$20 ,Carson Palmer (9614765),Leonard Fournette (9614867),Lamar Miller (9614448),Keenan Allen (9614999),Jaron Brown (9614788),John Brown (9614784),Kyle Rudolph (9614568),Michael Crabtree (9614969),Jaguars (9614895),,WR,Mohamed Sanu (9614333),Mohamed Sanu,9614333,4800,MIA@ATL 01:00PM ET,ATL
865327883,NFL $4M Fantasy Football Millionaire [$1M to 1st],46316614,$20 ,Josh McCown (9614671),Todd Gurley II (9614836),James White (9614642),Jermaine Kearse (9614684),Jordy Nelson (9614523),Adam Thielen (9614556),Travis Kelce (9614919),Martavis Bryant (9614941),Rams (9614864),,WR,Corey Coleman (9614486),Corey Coleman,9614486,4800,CLE@HOU 01:00PM ET,CLE
865327884,NFL $4M Fantasy Football Millionaire [$1M to 1st],46316614,$20 ,Josh McCown (9614671),Devonta Freeman (9614321),James White (9614642),Amari Cooper (9614971),Larry Fitzgerald (9614782),Jermaine Kearse (9614684),Cameron Brate (9614824),Keenan Allen (9614999),Falcons (9614349),,WR,Jermaine Kearse (9614684),Jermaine Kearse,9614684,4800,NE@NYJ 01:00PM ET,NYJ
865327885,NFL $4M Fantasy Football Millionaire [$1M to 1st],46316614,$20 ,Josh McCown (9614671),Jordan Howard (9614384),James White (9614642),Pierre Garcon (9614715),Julio Jones (9614331),DeVante Parker (9614360),Jordan Reed (9614756),Jermaine Kearse (9614684),Bears (9614414),,RB,Rob Kelley (9614740),Rob Kelley,9614740,4800,SF@WAS 01:00PM ET,WAS
865327886,NFL $4M Fantasy Football Millionaire [$1M to 1st],46316614,$20 ,Josh McCown (9614671),Duke Johnson Jr. (9614478),James White (9614642),DeAndre Hopkins (9614458),Golden Tate (9614589),Michael Thomas (9614619),Kyle Rudolph (9614568),Jermaine Kearse (9614684),Jaguars (9614895),,QB,EJ Manuel (9614959),EJ Manuel,9614959,4800,LAC@OAK 04:25PM ET,OAK
865327887,NFL $4M Fantasy Football Millionaire [$1M to 1st],46316614,$20 ,Josh McCown (9614671),Samaje Perine (9614742),James White (9614642),Keenan Allen (9614999),Michael Crabtree (9614969),Jermaine Kearse (9614684),Martellus Bennett (9614535),Le'Veon Bell (9614931),Redskins (9614764),,RB,Latavius Murray (9614546),Latavius Murray,9614546,4700,GB@MIN 01:00PM ET,MIN
865327888,NFL $4M Fantasy Football Millionaire [$1M to 1st],46316614,$20 ,Aaron Rodgers (9614511),Jordan Howard (9614384),Duke Johnson Jr. (9614478),Davante Adams (9614527),Will Fuller V (9614460),Jordy Nelson (9614523),Travis Kelce (9614919),Martavis Bryant (9614941),Bears (9614414),,WR,Willie Snead (9614621),Willie Snead,9614621,4700,DET@NO 01:00PM ET,NO
865327889,NFL $4M Fantasy Football Millionaire [$1M to 1st],46316614,$20 ,Aaron Rodgers (9614511),Doug Martin (9614806),James White (9614642),Pierre Garcon (9614715),Jermaine Kearse (9614684),Jordy Nelson (9614523),Jordan Reed (9614756),Davante Adams (9614527),Buccaneers (9614832),,RB,Matt Breida (9614709),Matt Breida,9614709,4700,SF@WAS 01:00PM ET,SF
865327890,NFL $4M Fantasy Football Millionaire [$1M to 1st],46316614,$20 ,Aaron Rodgers (9614511),Alvin Kamara (9614611),Theo Riddick (9614581),Davante Adams (9614527),Mike Evans (9614814),Jordy Nelson (9614523),Kyle Rudolph (9614568),Larry Fitzgerald (9614782),Jaguars (9614895),,QB,Colt McCoy (9614737),Colt McCoy,9614737,4700,SF@WAS 01:00PM ET,WAS
865327891,NFL $4M Fantasy Football Millionaire [$1M to 1st],46316614,$20 ,Aaron Rodgers (9614511),Javorius Allen (9614417),Lamar Miller (9614448),Davante Adams (9614527),Jordy Nelson (9614523),Adam Thielen (9614556),Cameron Brate (9614824),Andre Ellington (9614770),Texans (9614474),,QB,Patrick Mahomes II (9614897),Patrick Mahomes II,9614897,4700,PIT@KC 04:25PM ET,KC
865327892,NFL $4M Fantasy Football Millionaire [$1M to 1st],46316614,$20 ,Aaron Rodgers (9614511),Jay Ajayi (9614352),Andre Ellington (9614770),Davante Adams (9614527),DeSean Jackson (9614816),Jordy Nelson (9614523),Rob Gronkowski (9614664),Austin Seferian-Jenkins (9614698),Dolphins (9614380),,WR,Martavis Bryant (9614941),Martavis Bryant,9614941,4700,PIT@KC 04:25PM ET,PIT
865327893,NFL $4M Fantasy Football Millionaire [$1M to 1st],46316614,$20 ,Matt Ryan (9614319),Melvin Gordon (9614989),Duke Johnson Jr. (9614478),Will Fuller V (9614460),Jordy Nelson (9614523),DeVante Parker (9614360),Kyle Rudolph (9614568),Taylor Gabriel (9614335),Chiefs (9614927),,WR,Taylor Gabriel (9614335),Taylor Gabriel,9614335,4600,MIA@ATL 01:00PM ET,ATL
865327894,NFL $4M Fantasy Football Millionaire [$1M to 1st],46316614,$20 ,Matt Ryan (9614319),Andre Ellington (9614770),Lamar Miller (9614448),Taylor Gabriel (9614335),Jermaine Kearse (9614684),DeVante Parker (9614360),Rob Gronkowski (9614664),DeSean Jackson (9614816),Texans (9614474),,QB,DeShone Kizer (9614475),DeShone Kizer,9614475,4600,CLE@HOU 01:00PM ET,CLE
865327895,NFL $4M Fantasy Football Millionaire [$1M to 1st],46316614,$20 ,Matt Ryan (9614319),Andre Ellington (9614770),Jordan Howard (9614384),Taylor Gabriel (9614335),Pierre Garcon (9614715),DeVante Parker (9614360),Jordan Reed (9614756),Mike Evans (9614814),Bears (9614414),,QB,Kevin Hogan (9614476),Kevin Hogan,9614476,4600,CLE@HOU 01:00PM ET,CLE
865327896,NFL $4M Fantasy Football Millionaire [$1M to 1st],46316614,$20 ,Matt Ryan (9614319),Todd Gurley II (9614836),James White (9614642),Davante Adams (9614527),DeVante Parker (9614360),Adam Thielen (9614556),Austin Seferian-Jenkins (9614698),Taylor Gabriel (9614335),Rams (9614864),,WR,Marvin Jones Jr. (9614591),Marvin Jones Jr.,9614591,4600,DET@NO 01:00PM ET,DET
865327897,NFL $4M Fantasy Football Millionaire [$1M to 1st],46316614,$20 ,Matt Ryan (9614319),Javorius Allen (9614417),Mike Gillislee (9614640),Taylor Gabriel (9614335),DeVante Parker (9614360),Michael Thomas (9614619),Travis Kelce (9614919),Theo Riddick (9614581),Patriots (9614670),,QB,Chase Daniel (9614607),Chase Daniel,9614607,4600,DET@NO 01:00PM ET,NO
865327898,NFL $4M Fantasy Football Millionaire [$1M to 1st],46316614,$20 ,Philip Rivers (9614986),Andre Ellington (9614770),Todd Gurley II (9614836),Amari Cooper (9614971),DeSean Jackson (9614816),Jordy Nelson (9614523),Kyle Rudolph (9614568),Tyrell Williams (9615001),Rams (9614864),,RB,Elijah McGuire (9614676),Elijah McGuire,9614676,4600,NE@NYJ 01:00PM ET,NYJ
865327899,NFL $4M Fantasy Football Millionaire [$1M to 1st],46316614,$20 ,Philip Rivers (9614986),Andre Ellington (9614770),Jordan Howard (9614384),Brandin Cooks (9614652),Amari Cooper (9614971),Mike Evans (9614814),Austin Seferian-Jenkins (9614698),Tyrell Williams (9615001),Bears (9614414),,QB,Blake Bortles (9614865),Blake Bortles,9614865,4600,LAR@JAX 04:05PM ET,JAX
865327900,NFL $4M Fantasy Football Millionaire [$1M to 1st],46316614,$20 ,Philip Rivers (9614986),Devonta Freeman (9614321),Mike Gillislee (9614640),Davante Adams (9614527),Amari Cooper (9614971),Adam Thielen (9614556),Jordan Reed (9614756),Tyrell Williams (9615001),Patriots (9614670),,QB,Matt Moore (9614351),Matt Moore,9614351,4500,MIA@ATL 01:00PM ET,MIA
865327901,NFL $4M Fantasy Football Millionaire [$1M to 1st],46316614,$20 ,Philip Rivers (9614986),Jay Ajayi (9614352),Jerick McKinnon (9614548),Amari Cooper (9614971),Jermaine Kearse (9614684),Tyrell Williams (9615001),Rob Gronkowski (9614664),Le'Veon Bell (9614931),Dolphins (9614380),,RB,Alvin Kamara (9614611),Alvin Kamara,9614611,4500,DET@NO 01:00PM ET,NO
865327902,NFL $4M Fantasy Football Millionaire [$1M to 1st],46316614,$20 ,Philip Rivers (9614986),Carlos Hyde (9614707),Theo Riddick (9614581),Amari Cooper (9614971),Michael Thomas (9614619),Tyrell Williams (9615001),Martellus Bennett (9614535),Leonard Fournette (9614867),Jaguars (9614895),,WR,John Brown (9614784),John Brown,9614784,4500,TB@ARI 04:05PM ET,ARI
865327903,NFL $4M Fantasy Football Millionaire [$1M to 1st],46316614,$20 ,Brian Hoyer (9614705),Andre Ellington (9614770),Todd Gurley II (9614836),Pierre Garcon (9614715),Jordy Nelson (9614523),Terrelle Pryor Sr. (9614746),Kyle Rudolph (9614568),DeSean Jackson (9614816),Rams (9614864),,QB,Landry Jones (9614929),Landry Jones,9614929,4500,PIT@KC 04:25PM ET,PIT
865327904,NFL $4M Fantasy Football Millionaire [$1M to 1st],46316614,$20 ,Brian Hoyer (9614705),Andre Ellington (9614770),Jordan Howard (9614384),Pierre Garcon (9614715),Jermaine Kearse (9614684),Terrelle Pryor Sr. (9614746),Rob Gronkowski (9614664),Mike Evans (9614814),Bears (9614414),,RB,James Conner (9614933),James Conner,9614933,4500,PIT@KC 04:25PM ET,PIT
865327905,NFL $4M Fantasy Football Millionaire [$1M to 1st],46316614,$20 ,Brian Hoyer (9614705),Mike Gillislee (9614640),Doug Martin (9614806),Davante Adams (9614527),Pierre Garcon (9614715),Adam Thielen (9614556),Travis Kelce (9614919),Terrelle Pryor Sr. (9614746),Patriots (9614670),,QB,Cardale Jones (9614987),Cardale Jones,9614987,4500,LAC@OAK 04:25PM ET,LAC
865327906,NFL $4M Fantasy Football Millionaire [$1M to 1st],46316614,$20 ,Brian Hoyer (9614705),Jay Ajayi (9614352),Theo Riddick (9614581),Brandin Cooks (9614652),Pierre Garcon (9614715),Michael Thomas (9614619),Austin Seferian-Jenkins (9614698),Terrelle Pryor Sr. (9614746),Jaguars (9614895),,QB,Mike Glennon (9614382),Mike Glennon,9614382,4400,CHI@BAL 01:00PM ET,CHI
865327907,NFL $4M Fantasy Football Millionaire [$1M to 1st],46316614,$20 ,Brian Hoyer (9614705),Le'Veon Bell (9614931),Duke Johnson Jr. (9614478),Robby Anderson (9614686),Pierre Garcon (9614715),Chris Hogan (9614654),Ryan Griffin (9614468),Terrelle Pryor Sr. (9614746),Cardinals (9614802),,RB,Alex Collins (9614421),Alex Collins,9614421,4400,CHI@BAL 01:00PM ET,BAL
865327908,NFL $4M Fantasy Football Millionaire [$1M to 1st],46316614,$20 ,Jameis Winston (9614803),Jordan Howard (9614384),Lamar Miller (9614448),Larry Fitzgerald (9614782),Jordy Nelson (9614523),Adam Thielen (9614556),Cameron Brate (9614824),DeSean Jackson (9614816),Bears (9614414),,WR,Jeremy Maclin (9614425),Jeremy Maclin,9614425,4400,CHI@BAL 01:00PM ET,BAL
865327909,NFL $4M Fantasy Football Millionaire [$1M to 1st],46316614,$20 ,Jameis Winston (9614803),Jay Ajayi (9614352),Carlos Hyde (9614707),Brandin Cooks (9614652),DeSean Jackson (9614816),Jermaine Kearse (9614684),Cameron Brate (9614824),Todd Gurley II (9614836),Dolphins (9614380),,RB,Mark Ingram (9614609),Mark Ingram,9614609,4400,DET@NO 01:00PM ET,NO
865327910,NFL $4M Fantasy Football Millionaire [$1M to 1st],46316614,$20 ,Jameis Winston (9614803),Devonta Freeman (9614321),Jerick McKinnon (9614548),Davante Adams (9614527),Amari Cooper (9614971),DeSean Jackson (9614816),Cameron Brate (9614824),Keenan Allen (9614999),Falcons (9614349),,WR,Robby Anderson (9614686),Robby Anderson,9614686,4400,NE@NYJ 01:00PM ET,NYJ
865327911,NFL $4M Fantasy Football Millionaire [$1M to 1st],46316614,$20 ,Jameis Winston (9614803),Le'Veon Bell (9614931),Mark Ingram (9614609),DeSean Jackson (9614816),Julio Jones (9614331),Kenny Stills (9614364),Cameron Brate (9614824),Marshawn Lynch (9614961),Raiders (9614985),,RB,Samaje Perine (9614742),Samaje Perine,9614742,4400,SF@WAS 01:00PM ET,WAS
865327912,NFL $4M Fantasy Football Millionaire [$1M to 1st],46316614,$20 ,Jameis Winston (9614803),Duke Johnson Jr. (9614478),James White (9614642),Pierre Garcon (9614715),DeAndre Hopkins (9614458),Terrelle Pryor Sr. (9614746),Cameron Brate (9614824),DeSean Jackson (9614816),Jaguars (9614895),,WR,J.J. Nelson (9614786),J.J. Nelson,9614786,4400,TB@ARI 04:05PM ET,ARI
865327913,NFL $4M Fantasy Football Millionaire [$1M to 1st],46316614,$20 ,Aaron Rodgers (9614511),Jordan Howard (9614384),Duke Johnson Jr. (9614478),Davante Adams (9614527),Will Fuller V (9614460),Jermaine Kearse (9614684),Rob Gronkowski (9614664),Adam Thielen (9614556),Bears (9614414),,QB,Ryan Fitzpatrick (9614804),Ryan Fitzpatrick,9614804,4400,TB@ARI 04:05PM ET,TB
865327914,NFL $4M Fantasy Football Millionaire [$1M to 1st],46316614,$20 ,Aaron Rodgers (9614511),Todd Gurley II (9614836),Alvin Kamara (9614611),Davante Adams (9614527),Marvin Jones Jr. (9614591),Adam Thielen (9614556),Travis Kelce (9614919),Martavis Bryant (9614941),Rams (9614864),,QB,Matt Schaub (9614320),Matt Schaub,9614320,4300,MIA@ATL 01:00PM ET,ATL
865327915,NFL $4M Fantasy Football Millionaire [$1M to 1st],46316614,$20 ,Aaron Rodgers (9614511),Devonta Freeman (9614321),James White (9614642),Davante Adams (9614527),Robby Anderson (9614686),Adam Thielen (9614556),Cameron Brate (9614824),Larry Fitzgerald (9614782),Chiefs (9614927),,WR,Mike Wallace (9614427),Mike Wallace,9614427,4300,CHI@BAL 01:00PM ET,BAL
865327916,NFL $4M Fantasy Football Millionaire [$1M to 1st],46316614,$20 ,Aaron Rodgers (9614511),Jay Ajayi (9614352),Andre Ellington (9614770),Davante Adams (9614527),Keenan Allen (9614999),Adam Thielen (9614556),Cameron Brate (9614824),Michael Crabtree (9614969),Lions (9614605),,QB,Tom Savage (9614447),Tom Savage,9614447,4300,CLE@HOU 01:00PM ET,HOU
865327917,NFL $4M Fantasy Football Millionaire [$1M to 1st],46316614,$20 ,Aaron Rodgers (9614511),Mark Ingram (9614609),Duke Johnson Jr. (9614478),Davante Adams (9614527),Julio Jones (9614331),Jarvis Landry (9614362),Ryan Griffin (9614468),Adam Thielen (9614556),Steelers (9614957),,RB,Theo Riddick (9614581),Theo Riddick,9614581,4300,DET@NO 01:00PM ET,DET
865327918,NFL $4M Fantasy Football Millionaire [$1M to 1st],46316614,$20 ,Matt Ryan (9614319),Melvin Gordon (9614989),Duke Johnson Jr. (9614478),Will Fuller V (9614460),Jarvis Landry (9614362),Jordy Nelson (9614523),Kyle Rudolph (9614568),Taylor Gabriel (9614335),Cardinals (9614802),,TE,Austin Seferian-Jenkins (9614698),Austin Seferian-Jenkins,9614698,4300,NE@NYJ 01:00PM ET,NYJ
865327919,NFL $4M Fantasy Football Millionaire [$1M to 1st],46316614,$20 ,Matt Ryan (9614319),Todd Gurley II (9614836),James White (9614642),Taylor Gabriel (9614335),Jermaine Kearse (9614684),Jarvis Landry (9614362),Travis Kelce (9614919),Martavis Bryant (9614941),Rams (9614864),,QB,Blaine Gabbert (9614766),Blaine Gabbert,9614766,4300,TB@ARI 04:05PM ET,ARI
865327920,NFL $4M Fantasy Football Millionaire [$1M to 1st],46316614,$20 ,Matt Ryan (9614319),Andre Ellington (9614770),Jordan Howard (9614384),Brandin Cooks (9614652),Taylor Gabriel (9614335),Jarvis Landry (9614362),Austin Seferian-Jenkins (9614698),DeSean Jackson (9614816),Bears (9614414),,QB,Chad Henne (9614866),Chad Henne,9614866,4300,LAR@JAX 04:05PM ET,JAX
865327921,NFL $4M Fantasy Football Millionaire [$1M to 1st],46316614,$20 ,Matt Ryan (9614319),Andre Ellington (9614770),Carlos Hyde (9614707),Robby Anderson (9614686),Taylor Gabriel (9614335),Jarvis Landry (9614362),Rob Gronkowski (9614664),Mike Evans (9614814),49ers (9614735),,WR,Allen Hurns (9614877),Allen Hurns,9614877,4300,LAR@JAX 04:05PM ET,JAX
865327922,NFL $4M Fantasy Football Millionaire [$1M to 1st],46316614,$20 ,Matt Ryan (9614319),Doug Martin (9614806),Lamar Miller (9614448),Larry Fitzgerald (9614782),Taylor Gabriel (9614335),Jarvis Landry (9614362),Hunter Henry (9615009),Michael Crabtree (9614969),Texans (9614474),,WR,Travis Benjamin (9615003),Travis Benjamin,9615003,4300,LAC@OAK 04:25PM ET,LAC
865327923,NFL $4M Fantasy Football Millionaire [$1M to 1st],46316614,$20 ,Carson Palmer (9614765),Jay Ajayi (9614352),Carlos Hyde (9614707),John Brown (9614784),Mike Evans (9614814),Jordy Nelson (9614523),Kyle Rudolph (9614568),Todd Gurley II (9614836),Dolphins (9614380),,WR,Kenny Stills (9614364),Kenny Stills,9614364,4200,MIA@ATL 01:00PM ET,MIA
865327924,NFL $4M Fantasy Football Millionaire [$1M to 1st],46316614,$20 ,Carson Palmer (9614765),Mike Gillislee (9614640),Jordan Howard (9614384),Davante Adams (9614527),Mike Evans (9614814),Adam Thielen (9614556),Travis Kelce (9614919),John Brown (9614784),Patriots (9614670),,RB,D'Onta Foreman (9614450),D'Onta Foreman,9614450,4200,CLE@HOU 01:00PM ET,HOU
865327925,NFL $4M Fantasy Football Millionaire [$1M to 1st],46316614,$20 ,Carson Palmer (9614765),Lamar Miller (9614448),Theo Riddick (9614581),Mike Evans (9614814),Jermaine Kearse (9614684),Michael Thomas (9614619),Rob Gronkowski (9614664),John Brown (9614784),Texans (9614474),,RB,Isaiah Crowell (9614480),Isaiah Crowell,9614480,4200,CLE@HOU 01:00PM ET,CLE
865327926,NFL $4M Fantasy Football Millionaire [$1M to 1st],46316614,$20 ,Carson Palmer (9614765),Devonta Freeman (9614321),James White (9614642),Mike Evans (9614814),Pierre Garcon (9614715),Terrelle Pryor Sr. (9614746),Austin Seferian-Jenkins (9614698),John Brown (9614784),Falcons (9614349),,QB,Brett Hundley (9614512),Brett Hundley,9614512,4200,GB@MIN 01:00PM ET,GB
865327927,NFL $4M Fantasy Football Millionaire [$1M to 1st],46316614,$20 ,Carson Palmer (9614765),Aaron Jones (9614515),Alvin Kamara (9614611),John Brown (9614784),Mike Evans (9614814),Golden Tate (9614589),Jared Cook (9614979),Keenan Allen (9614999),Jaguars (9614895),,RB,Jamaal Williams (9614517),Jamaal Williams,9614517,4200,GB@MIN 01:00PM ET,GB
865327928,NFL $4M Fantasy Football Millionaire [$1M to 1st],46316614,$20 ,Philip Rivers (9614986),Jordan Howard (9614384),Duke Johnson Jr. (9614478),Martavis Bryant (9614941),Michael Crabtree (9614969),Will Fuller V (9614460),Travis Kelce (9614919),Keenan Allen (9614999),Bears (9614414),,QB,Jake Rudock (9614578),Jake Rudock,9614578,4200,DET@NO 01:00PM ET,DET
865327929,NFL $4M Fantasy Football Millionaire [$1M to 1st],46316614,$20 ,Philip Rivers (9614986),Alvin Kamara (9614611),Doug Martin (9614806),Brandin Cooks (9614652),Michael Crabtree (9614969),Marvin Jones Jr. (9614591),Austin Seferian-Jenkins (9614698),Keenan Allen (9614999),Buccaneers (9614832),,QB,C.J. Beathard (9614706),C.J. Beathard,9614706,4200,SF@WAS 01:00PM ET,SF
865327930,NFL $4M Fantasy Football Millionaire [$1M to 1st],46316614,$20 ,Philip Rivers (9614986),Javorius Allen (9614417),James White (9614642),Robby Anderson (9614686),Michael Crabtree (9614969),Jordy Nelson (9614523),Kyle Rudolph (9614568),Keenan Allen (9614999),Jaguars (9614895),,QB,Sean Mannion (9614834),Sean Mannion,9614834,4200,LAR@JAX 04:05PM ET,LAR
865327931,NFL $4M Fantasy Football Millionaire [$1M to 1st],46316614,$20 ,Philip Rivers (9614986),Todd Gurley II (9614836),Theo Riddick (9614581),Michael Crabtree (9614969),Larry Fitzgerald (9614782),Ted Ginn Jr. (9614623),Cameron Brate (9614824),Keenan Allen (9614999),Rams (9614864),,WR,Marqise Lee (9614879),Marqise Lee,9614879,4200,LAR@JAX 04:05PM ET,JAX
865327932,NFL $4M Fantasy Football Millionaire [$1M to 1st],46316614,$20 ,Philip Rivers (9614986),Tevin Coleman (9614323),James White (9614642),Michael Crabtree (9614969),Pierre Garcon (9614715),Jermaine Kearse (9614684),Jordan Reed (9614756),Keenan Allen (9614999),Chiefs (9614927),,RB,Jerick McKinnon (9614548),Jerick McKinnon,9614548,4100,GB@MIN 01:00PM ET,MIN
865327933,NFL $4M Fantasy Football Millionaire [$1M to 1st],46316614,$20 ,Aaron Rodgers (9614511),Jordan Howard (9614384),Duke Johnson Jr. (9614478),Will Fuller V (9614460),Jordy Nelson (9614523),Adam Thielen (9614556),Cameron Brate (9614824),Larry Fitzgerald (9614782),Bears (9614414),,WR,Marquise Goodwin (9614717),Marquise Goodwin,9614717,4100,SF@WAS 01:00PM ET,SF
865327934,NFL $4M Fantasy Football Millionaire [$1M to 1st],46316614,$20 ,Aaron Rodgers (9614511),Alvin Kamara (9614611),Doug Martin (9614806),Marvin Jones Jr. (9614591),Jermaine Kearse (9614684),Jordy Nelson (9614523),Rob Gronkowski (9614664),Adam Thielen (9614556),Buccaneers (9614832),,WR,Sammy Watkins (9614844),Sammy Watkins,9614844,4100,LAR@JAX 04:05PM ET,LAR
865327935,NFL $4M Fantasy Football Millionaire [$1M to 1st],46316614,$20 ,Aaron Rodgers (9614511),Tevin Coleman (9614323),James White (9614642),Robby Anderson (9614686),Pierre Garcon (9614715),Jordy Nelson (9614523),Jordan Reed (9614756),Adam Thielen (9614556),Jaguars (9614895),,TE,Hunter Henry (9615009),Hunter Henry,9615009,4100,LAC@OAK 04:25PM ET,LAC
865327936,NFL $4M Fantasy Football Millionaire [$1M to 1st],46316614,$20 ,Aaron Rodgers (9614511),Todd Gurley II (9614836),Theo Riddick (9614581),Ted Ginn Jr. (9614623),Jordy Nelson (9614523),Adam Thielen (9614556),Travis Kelce (9614919),Martavis Bryant (9614941),Rams (9614864),,RB,Kenyan Drake (9614354),Kenyan Drake,9614354,4000,MIA@ATL 01:00PM ET,MIA
865327937,NFL $4M Fantasy Football Millionaire [$1M to 1st],46316614,$20 ,Aaron Rodgers (9614511),Andre Ellington (9614770),Carlos Hyde (9614707),Jarvis Landry (9614362),Jordy Nelson (9614523),Adam Thielen (9614556),Cameron Brate (9614824),Marshawn Lynch (9614961),Raiders (9614985),,QB,Mark Sanchez (9614383),Mark Sanchez,9614383,4000,CHI@BAL 01:00PM ET,CHI
865327938,NFL $4M Fantasy Football Millionaire [$1M to 1st],46316614,$20 ,Kirk Cousins (9614736),Andre Ellington (9614770),Lamar Miller (9614448),Jamison Crowder (9614748),Jermaine Kearse (9614684),Terrelle Pryor Sr. (9614746),Rob Gronkowski (9614664),Mike Evans (9614814),Texans (9614474),,WR,Kendall Wright (9614394),Kendall Wright,9614394,4000,CHI@BAL 01:00PM ET,CHI
865327939,NFL $4M Fantasy Football Millionaire [$1M to 1st],46316614,$20 ,Kirk Cousins (9614736),Le'Veon Bell (9614931),Jordan Howard (9614384),Davante Adams (9614527),Terrelle Pryor Sr. (9614746),Adam Thielen (9614556),George Kittle (9614733),Jamison Crowder (9614748),Bears (9614414),,QB,Ryan Mallett (9614416),Ryan Mallett,9614416,4000,CHI@BAL 01:00PM ET,BAL
865327940,NFL $4M Fantasy Football Millionaire [$1M to 1st],46316614,$20 ,Kirk Cousins (9614736),Melvin Gordon (9614989),Theo Riddick (9614581),Jordy Nelson (9614523),Terrelle Pryor Sr. (9614746),Michael Thomas (9614619),Kyle Rudolph (9614568),Jamison Crowder (9614748),Chiefs (9614927),,RB,Terrance West (9614419),Terrance West,9614419,4000,CHI@BAL 01:00PM ET,BAL
865327941,NFL $4M Fantasy Football Millionaire [$1M to 1st],46316614,$20 ,Kirk Cousins (9614736),Todd Gurley II (9614836),Jerick McKinnon (9614548),Brandin Cooks (9614652),Pierre Garcon (9614715),Terrelle Pryor Sr. (9614746),Austin Seferian-Jenkins (9614698),Jamison Crowder (9614748),Rams (9614864),,TE,Ryan Griffin (9614468),Ryan Griffin,9614468,4000,CLE@HOU 01:00PM ET,HOU
865327942,NFL $4M Fantasy Football Millionaire [$1M to 1st],46316614,$20 ,Kirk Cousins (9614736),Javorius Allen (9614417),Mike Gillislee (9614640),Jamison Crowder (9614748),DeAndre Hopkins (9614458),Terrelle Pryor Sr. (9614746),Travis Kelce (9614919),Duke Johnson Jr. (9614478),Patriots (9614670),,QB,Cody Kessler (9614477),Cody Kessler,9614477,4000,CLE@HOU 01:00PM ET,CLE
865327943,NFL $4M Fantasy Football Millionaire [$1M to 1st],46316614,$20 ,Jameis Winston (9614803),Mike Gillislee (9614640),Todd Gurley II (9614836),Davante Adams (9614527),DeSean Jackson (9614816),Adam Thielen (9614556),Jordan Reed (9614756),John Brown (9614784),Patriots (9614670),,WR,Kenny Britt (9614488),Kenny Britt,9614488,4000,CLE@HOU 01:00PM ET,CLE
865327944,NFL $4M Fantasy Football Millionaire [$1M to 1st],46316614,$20 ,Jameis Winston (9614803),Melvin Gordon (9614989),Theo Riddick (9614581),DeSean Jackson (9614816),Jordy Nelson (9614523),Michael Thomas (9614619),Kyle Rudolph (9614568),John Brown (9614784),Chiefs (9614927),,WR,Josh Gordon (9614490),Josh Gordon,9614490,4000,CLE@HOU 01:00PM ET,CLE
865327945,NFL $4M Fantasy Football Millionaire [$1M to 1st],46316614,$20 ,Jameis Winston (9614803),Jordan Howard (9614384),Marshawn Lynch (9614961),John Brown (9614784),DeSean Jackson (9614816),Jermaine Kearse (9614684),Rob Gronkowski (9614664),Keenan Allen (9614999),Bears (9614414),,WR,Geronimo Allison (9614529),Geronimo Allison,9614529,4000,GB@MIN 01:00PM ET,GB
865327946,NFL $4M Fantasy Football Millionaire [$1M to 1st],46316614,$20 ,Jameis Winston (9614803),Leonard Fournette (9614867),Lamar Miller (9614448),Pierre Garcon (9614715),DeSean Jackson (9614816),Terrelle Pryor Sr. (9614746),Austin Seferian-Jenkins (9614698),John Brown (9614784),Jaguars (9614895),,QB,Kyle Sloter (9614544),Kyle Sloter,9614544,4000,GB@MIN 01:00PM ET,MIN
865330826,NFL $4M Fantasy Football Millionaire [$1M to 1st],46316614,$20 ,Jameis Winston (9614803),Devonta Freeman (9614321),Samaje Perine (9614742),Robby Anderson (9614686),Brandin Cooks (9614652),DeSean Jackson (9614816),Travis Kelce (9614919),John Brown (9614784),Redskins (9614764),,QB,Teddy Bridgewater (9614545),Teddy Bridgewater,9614545,4000,GB@MIN 01:00PM ET,MIN
,,,,,,,,,,,,,,WR,Kenny Golladay (9614593),Kenny Golladay,9614593,4000,DET@NO 01:00PM ET,DET
,,,,,,,,,,,,,,QB,Taysom Hill (9614608),Taysom Hill,9614608,4000,DET@NO 01:00PM ET,NO
,,,,,,,,,,,,,,QB,Christian Hackenberg (9614672),Christian Hackenberg,9614672,4000,NE@NYJ 01:00PM ET,NYJ
,,,,,,,,,,,,,,QB,Bryce Petty (9614673),Bryce Petty,9614673,4000,NE@NYJ 01:00PM ET,NYJ
,,,,,,,,,,,,,,WR,Jeremy Kerley (9614688),Jeremy Kerley,9614688,4000,NE@NYJ 01:00PM ET,NYJ
,,,,,,,,,,,,,,WR,Jamison Crowder (9614748),Jamison Crowder,9614748,4000,SF@WAS 01:00PM ET,WAS
,,,,,,,,,,,,,,QB,Drew Stanton (9614767),Drew Stanton,9614767,4000,TB@ARI 04:05PM ET,ARI
,,,,,,,,,,,,,,QB,Ryan Griffin (9614805),Ryan Griffin,9614805,4000,TB@ARI 04:05PM ET,TB
,,,,,,,,,,,,,,RB,Jacquizz Rodgers (9614808),Jacquizz Rodgers,9614808,4000,TB@ARI 04:05PM ET,TB
,,,,,,,,,,,,,,WR,Adam Humphries (9614818),Adam Humphries,9614818,4000,TB@ARI 04:05PM ET,TB
,,,,,,,,,,,,,,QB,Brandon Allen (9614835),Brandon Allen,9614835,4000,LAR@JAX 04:05PM ET,LAR
,,,,,,,,,,,,,,WR,Cooper Kupp (9614846),Cooper Kupp,9614846,4000,LAR@JAX 04:05PM ET,LAR
,,,,,,,,,,,,,,QB,Tyler Bray (9614898),Tyler Bray,9614898,4000,PIT@KC 04:25PM ET,KC
,,,,,,,,,,,,,,RB,Charcandrick West (9614901),Charcandrick West,9614901,4000,PIT@KC 04:25PM ET,KC
,,,,,,,,,,,,,,QB,Joshua Dobbs (9614930),Joshua Dobbs,9614930,4000,PIT@KC 04:25PM ET,PIT
,,,,,,,,,,,,,,QB,Connor Cook (9614960),Connor Cook,9614960,4000,LAC@OAK 04:25PM ET,OAK
,,,,,,,,,,,,,,QB,Kellen Clemens (9614988),Kellen Clemens,9614988,4000,LAC@OAK 04:25PM ET,LAC
,,,,,,,,,,,,,,RB,Branden Oliver (9614991),Branden Oliver,9614991,4000,LAC@OAK 04:25PM ET,LAC
,,,,,,,,,,,,,,WR,Justin Hardy (9614341),Justin Hardy,9614341,3900,MIA@ATL 01:00PM ET,ATL
,,,,,,,,,,,,,,DST,Texans  (9614474),Texans ,9614474,3900,CLE@HOU 01:00PM ET,HOU
,,,,,,,,,,,,,,WR,Ricardo Louis (9614492),Ricardo Louis,9614492,3900,CLE@HOU 01:00PM ET,CLE
,,,,,,,,,,,,,,RB,Matt Forte (9614678),Matt Forte,9614678,3900,NE@NYJ 01:00PM ET,NYJ
,,,,,,,,,,,,,,TE,Vernon Davis (9614758),Vernon Davis,9614758,3900,SF@WAS 01:00PM ET,WAS
,,,,,,,,,,,,,,TE,Cameron Brate (9614824),Cameron Brate,9614824,3900,TB@ARI 04:05PM ET,TB
,,,,,,,,,,,,,,RB,Malcolm Brown (9614838),Malcolm Brown,9614838,3900,LAR@JAX 04:05PM ET,LAR
,,,,,,,,,,,,,,RB,Jalen Richard (9614963),Jalen Richard,9614963,3900,LAC@OAK 04:25PM ET,OAK
,,,,,,,,,,,,,,TE,Kyle Rudolph (9614568),Kyle Rudolph,9614568,3800,GB@MIN 01:00PM ET,MIN
,,,,,,,,,,,,,,RB,Rex Burkhead (9614644),Rex Burkhead,9614644,3800,NE@NYJ 01:00PM ET,NE
,,,,,,,,,,,,,,RB,Dion Lewis (9614646),Dion Lewis,9614646,3800,NE@NYJ 01:00PM ET,NE
,,,,,,,,,,,,,,WR,Ryan Grant (9614752),Ryan Grant,9614752,3800,SF@WAS 01:00PM ET,WAS
,,,,,,,,,,,,,,RB,Chris Ivory (9614871),Chris Ivory,9614871,3800,LAR@JAX 04:05PM ET,JAX
,,,,,,,,,,,,,,RB,Damien Williams (9614356),Damien Williams,9614356,3700,MIA@ATL 01:00PM ET,MIA
,,,,,,,,,,,,,,RB,Danny Woodhead (9614423),Danny Woodhead,9614423,3700,CHI@BAL 01:00PM ET,BAL
,,,,,,,,,,,,,,DST,Ravens  (9614445),Ravens ,9614445,3700,CHI@BAL 01:00PM ET,BAL
,,,,,,,,,,,,,,RB,Alfred Blue (9614452),Alfred Blue,9614452,3700,CLE@HOU 01:00PM ET,HOU
,,,,,,,,,,,,,,WR,Bruce Ellington (9614462),Bruce Ellington,9614462,3700,CLE@HOU 01:00PM ET,HOU
,,,,,,,,,,,,,,WR,Phillip Dorsett (9614658),Phillip Dorsett,9614658,3700,NE@NYJ 01:00PM ET,NE
,,,,,,,,,,,,,,WR,Robert Woods (9614848),Robert Woods,9614848,3700,LAR@JAX 04:05PM ET,LAR
,,,,,,,,,,,,,,RB,DeAndre Washington (9614965),DeAndre Washington,9614965,3700,LAC@OAK 04:25PM ET,OAK
,,,,,,,,,,,,,,TE,Jared Cook (9614979),Jared Cook,9614979,3700,LAC@OAK 04:25PM ET,OAK
,,,,,,,,,,,,,,WR,Mike Williams (9615005),Mike Williams,9615005,3700,LAC@OAK 04:25PM ET,LAC
,,,,,,,,,,,,,,TE,Martellus Bennett (9614535),Martellus Bennett,9614535,3600,GB@MIN 01:00PM ET,GB
,,,,,,,,,,,,,,RB,Dwayne Washington (9614583),Dwayne Washington,9614583,3600,DET@NO 01:00PM ET,DET
,,,,,,,,,,,,,,RB,Zach Zenner (9614585),Zach Zenner,9614585,3600,DET@NO 01:00PM ET,DET
,,,,,,,,,,,,,,WR,Ted Ginn Jr. (9614623),Ted Ginn Jr.,9614623,3600,DET@NO 01:00PM ET,NO
,,,,,,,,,,,,,,WR,Malcolm Mitchell (9614660),Malcolm Mitchell,9614660,3600,NE@NYJ 01:00PM ET,NE
,,,,,,,,,,,,,,WR,Josh Doctson (9614750),Josh Doctson,9614750,3600,SF@WAS 01:00PM ET,WAS
,,,,,,,,,,,,,,DST,Jaguars  (9614895),Jaguars ,9614895,3600,LAR@JAX 04:05PM ET,JAX
,,,,,,,,,,,,,,WR,JuJu Smith-Schuster (9614943),JuJu Smith-Schuster,9614943,3600,PIT@KC 04:25PM ET,PIT
,,,,,,,,,,,,,,WR,Seth Roberts (9614973),Seth Roberts,9614973,3600,LAC@OAK 04:25PM ET,OAK
,,,,,,,,,,,,,,WR,Andre Roberts (9614339),Andre Roberts,9614339,3500,MIA@ATL 01:00PM ET,ATL
,,,,,,,,,,,,,,TE,Austin Hooper (9614343),Austin Hooper,9614343,3500,MIA@ATL 01:00PM ET,ATL
,,,,,,,,,,,,,,DST,Falcons  (9614349),Falcons ,9614349,3500,MIA@ATL 01:00PM ET,ATL
,,,,,,,,,,,,,,RB,Devante Mays (9614519),Devante Mays,9614519,3500,GB@MIN 01:00PM ET,GB
,,,,,,,,,,,,,,WR,Michael Floyd (9614558),Michael Floyd,9614558,3500,GB@MIN 01:00PM ET,MIN
,,,,,,,,,,,,,,RB,Charles Sims (9614810),Charles Sims,9614810,3500,TB@ARI 04:05PM ET,TB
,,,,,,,,,,,,,,WR,Trent Taylor (9614719),Trent Taylor,9614719,3400,SF@WAS 01:00PM ET,SF
,,,,,,,,,,,,,,TE,George Kittle (9614733),George Kittle,9614733,3400,SF@WAS 01:00PM ET,SF
,,,,,,,,,,,,,,DST,Redskins  (9614764),Redskins ,9614764,3400,SF@WAS 01:00PM ET,WAS
,,,,,,,,,,,,,,RB,Adrian Peterson (9614613),Adrian Peterson,9614613,3400,TB@ARI 04:05PM ET,ARI
,,,,,,,,,,,,,,RB,Chris Johnson (9614772),Chris Johnson,9614772,3400,TB@ARI 04:05PM ET,ARI
,,,,,,,,,,,,,,RB,T.J. Yeldon (9614869),T.J. Yeldon,9614869,3400,LAR@JAX 04:05PM ET,JAX
,,,,,,,,,,,,,,WR,Jakeem Grant (9614370),Jakeem Grant,9614370,3300,MIA@ATL 01:00PM ET,MIA
,,,,,,,,,,,,,,WR,Markus Wheaton (9614396),Markus Wheaton,9614396,3300,CHI@BAL 01:00PM ET,CHI
,,,,,,,,,,,,,,TE,Benjamin Watson (9614437),Benjamin Watson,9614437,3300,CHI@BAL 01:00PM ET,BAL
,,,,,,,,,,,,,,WR,Rashard Higgins (9614494),Rashard Higgins,9614494,3300,CLE@HOU 01:00PM ET,CLE
,,,,,,,,,,,,,,WR,Kasen Williams (9614498),Kasen Williams,9614498,3300,CLE@HOU 01:00PM ET,CLE
,,,,,,,,,,,,,,WR,Jeff Janis (9614531),Jeff Janis,9614531,3300,GB@MIN 01:00PM ET,GB
,,,,,,,,,,,,,,WR,Brandon Coleman (9614625),Brandon Coleman,9614625,3300,DET@NO 01:00PM ET,NO
,,,,,,,,,,,,,,DST,Patriots  (9614670),Patriots ,9614670,3300,NE@NYJ 01:00PM ET,NE
,,,,,,,,,,,,,,RB,Corey Grant (9614873),Corey Grant,9614873,3300,LAR@JAX 04:05PM ET,JAX
,,,,,,,,,,,,,,WR,Albert Wilson (9614909),Albert Wilson,9614909,3300,PIT@KC 04:25PM ET,KC
,,,,,,,,,,,,,,WR,Nick Williams (9614337),Nick Williams,9614337,3200,MIA@ATL 01:00PM ET,ATL
,,,,,,,,,,,,,,TE,Coby Fleener (9614631),Coby Fleener,9614631,3200,DET@NO 01:00PM ET,NO
,,,,,,,,,,,,,,RB,Kerwynn Williams (9614774),Kerwynn Williams,9614774,3200,TB@ARI 04:05PM ET,ARI
,,,,,,,,,,,,,,DST,Rams  (9614864),Rams ,9614864,3200,LAR@JAX 04:05PM ET,LAR
,,,,,,,,,,,,,,WR,Jaelen Strong (9614881),Jaelen Strong,9614881,3200,LAR@JAX 04:05PM ET,JAX
,,,,,,,,,,,,,,WR,Chris Conley (9614911),Chris Conley,9614911,3200,PIT@KC 04:25PM ET,KC
,,,,,,,,,,,,,,DST,Chiefs  (9614927),Chiefs ,9614927,3200,PIT@KC 04:25PM ET,KC
,,,,,,,,,,,,,,WR,Deonte Thompson (9614398),Deonte Thompson,9614398,3100,CHI@BAL 01:00PM ET,CHI
,,,,,,,,,,,,,,WR,Laquon Treadwell (9614560),Laquon Treadwell,9614560,3100,GB@MIN 01:00PM ET,MIN
,,,,,,,,,,,,,,WR,Aldrick Robinson (9614721),Aldrick Robinson,9614721,3100,SF@WAS 01:00PM ET,SF
,,,,,,,,,,,,,,WR,Tavon Austin (9614850),Tavon Austin,9614850,3100,LAR@JAX 04:05PM ET,LAR
,,,,,,,,,,,,,,TE,Jesse James (9614951),Jesse James,9614951,3100,PIT@KC 04:25PM ET,PIT
,,,,,,,,,,,,,,WR,Dontrelle Inman (9615007),Dontrelle Inman,9615007,3100,LAC@OAK 04:25PM ET,LAC
,,,,,,,,,,,,,,DST,Chargers  (9615017),Chargers ,9615017,3100,LAC@OAK 04:25PM ET,LAC
,,,,,,,,,,,,,,RB,Derrick Coleman (9614325),Derrick Coleman,9614325,3000,MIA@ATL 01:00PM ET,ATL
,,,,,,,,,,,,,,RB,Brian Hill (9614327),Brian Hill,9614327,3000,MIA@ATL 01:00PM ET,ATL
,,,,,,,,,,,,,,RB,Terron Ward (9614329),Terron Ward,9614329,3000,MIA@ATL 01:00PM ET,ATL
,,,,,,,,,,,,,,RB,Senorise Perry (9614358),Senorise Perry,9614358,3000,MIA@ATL 01:00PM ET,MIA
,,,,,,,,,,,,,,WR,Leonte Carroo (9614366),Leonte Carroo,9614366,3000,MIA@ATL 01:00PM ET,MIA
,,,,,,,,,,,,,,WR,Rashawn Scott (9614368),Rashawn Scott,9614368,3000,MIA@ATL 01:00PM ET,MIA
,,,,,,,,,,,,,,WR,Isaiah Ford (9614372),Isaiah Ford,9614372,3000,MIA@ATL 01:00PM ET,MIA
,,,,,,,,,,,,,,RB,Michael Burton (9614388),Michael Burton,9614388,3000,CHI@BAL 01:00PM ET,CHI
,,,,,,,,,,,,,,RB,Taquan Mizzell (9614390),Taquan Mizzell,9614390,3000,CHI@BAL 01:00PM ET,CHI
,,,,,,,,,,,,,,RB,Benny Cunningham (9614392),Benny Cunningham,9614392,3000,CHI@BAL 01:00PM ET,CHI
,,,,,,,,,,,,,,WR,Tre McBride (9614400),Tre McBride,9614400,3000,CHI@BAL 01:00PM ET,CHI
,,,,,,,,,,,,,,WR,Josh Bellamy (9614402),Josh Bellamy,9614402,3000,CHI@BAL 01:00PM ET,CHI
,,,,,,,,,,,,,,WR,Michael Campanaro (9614429),Michael Campanaro,9614429,3000,CHI@BAL 01:00PM ET,BAL
,,,,,,,,,,,,,,WR,Breshad Perriman (9614431),Breshad Perriman,9614431,3000,CHI@BAL 01:00PM ET,BAL
,,,,,,,,,,,,,,WR,Chris Matthews (9614433),Chris Matthews,9614433,3000,CHI@BAL 01:00PM ET,BAL
,,,,,,,,,,,,,,WR,Chris Moore (9614435),Chris Moore,9614435,3000,CHI@BAL 01:00PM ET,BAL
,,,,,,,,,,,,,,RB,Jordan Todman (9614454),Jordan Todman,9614454,3000,CLE@HOU 01:00PM ET,HOU
,,,,,,,,,,,,,,RB,Jay Prosch (9614456),Jay Prosch,9614456,3000,CLE@HOU 01:00PM ET,HOU
,,,,,,,,,,,,,,WR,Chris Thompson (9614464),Chris Thompson,9614464,3000,CLE@HOU 01:00PM ET,HOU
,,,,,,,,,,,,,,WR,Braxton Miller (9614466),Braxton Miller,9614466,3000,CLE@HOU 01:00PM ET,HOU
,,,,,,,,,,,,,,TE,C.J. Fiedorowicz (9614470),C.J. Fiedorowicz,9614470,3000,CLE@HOU 01:00PM ET,HOU
,,,,,,,,,,,,,,RB,Matthew Dayes (9614482),Matthew Dayes,9614482,3000,CLE@HOU 01:00PM ET,CLE
,,,,,,,,,,,,,,RB,Danny Vitale (9614484),Danny Vitale,9614484,3000,CLE@HOU 01:00PM ET,CLE
,,,,,,,,,,,,,,WR,Sammie Coates (9614496),Sammie Coates,9614496,3000,CLE@HOU 01:00PM ET,CLE
,,,,,,,,,,,,,,WR,James Wright (9614500),James Wright,9614500,3000,CLE@HOU 01:00PM ET,CLE
,,,,,,,,,,,,,,WR,Bryce Treggs (9614502),Bryce Treggs,9614502,3000,CLE@HOU 01:00PM ET,CLE
,,,,,,,,,,,,,,TE,David Njoku (9614504),David Njoku,9614504,3000,CLE@HOU 01:00PM ET,CLE
,,,,,,,,,,,,,,RB,Aaron Ripkowski (9614521),Aaron Ripkowski,9614521,3000,GB@MIN 01:00PM ET,GB
,,,,,,,,,,,,,,WR,Trevor Davis (9614533),Trevor Davis,9614533,3000,GB@MIN 01:00PM ET,GB
,,,,,,,,,,,,,,RB,Stevan Ridley (9614550),Stevan Ridley,9614550,3000,GB@MIN 01:00PM ET,MIN
,,,,,,,,,,,,,,RB,C.J. Ham (9614552),C.J. Ham,9614552,3000,GB@MIN 01:00PM ET,MIN
,,,,,,,,,,,,,,WR,Stacy Coley (9614562),Stacy Coley,9614562,3000,GB@MIN 01:00PM ET,MIN
,,,,,,,,,,,,,,WR,Rodney Adams (9614564),Rodney Adams,9614564,3000,GB@MIN 01:00PM ET,MIN
,,,,,,,,,,,,,,WR,Jarius Wright (9614566),Jarius Wright,9614566,3000,GB@MIN 01:00PM ET,MIN
,,,,,,,,,,,,,,RB,Tion Green (9614587),Tion Green,9614587,3000,DET@NO 01:00PM ET,DET
,,,,,,,,,,,,,,WR,TJ Jones (9614595),TJ Jones,9614595,3000,DET@NO 01:00PM ET,DET
,,,,,,,,,,,,,,WR,Jared Abbrederis (9614597),Jared Abbrederis,9614597,3000,DET@NO 01:00PM ET,DET
,,,,,,,,,,,,,,TE,Eric Ebron (9614599),Eric Ebron,9614599,3000,DET@NO 01:00PM ET,DET
,,,,,,,,,,,,,,RB,Trey Edmunds (9614615),Trey Edmunds,9614615,3000,DET@NO 01:00PM ET,NO
,,,,,,,,,,,,,,RB,Zach Line (9614617),Zach Line,9614617,3000,DET@NO 01:00PM ET,NO
,,,,,,,,,,,,,,WR,Austin Carr (9614627),Austin Carr,9614627,3000,DET@NO 01:00PM ET,NO
,,,,,,,,,,,,,,WR,Tommylee Lewis (9614629),Tommylee Lewis,9614629,3000,DET@NO 01:00PM ET,NO
,,,,,,,,,,,,,,RB,James Develin (9614648),James Develin,9614648,3000,NE@NYJ 01:00PM ET,NE
,,,,,,,,,,,,,,RB,Brandon Bolden (9614650),Brandon Bolden,9614650,3000,NE@NYJ 01:00PM ET,NE
,,,,,,,,,,,,,,WR,Matthew Slater (9614662),Matthew Slater,9614662,3000,NE@NYJ 01:00PM ET,NE
,,,,,,,,,,,,,,RB,Travaris Cadet (9614680),Travaris Cadet,9614680,3000,NE@NYJ 01:00PM ET,NYJ
,,,,,,,,,,,,,,RB,Lawrence Thomas (9614682),Lawrence Thomas,9614682,3000,NE@NYJ 01:00PM ET,NYJ
,,,,,,,,,,,,,,WR,Chad Hansen (9614690),Chad Hansen,9614690,3000,NE@NYJ 01:00PM ET,NYJ
,,,,,,,,,,,,,,WR,Jalin Marshall (9614692),Jalin Marshall,9614692,3000,NE@NYJ 01:00PM ET,NYJ
,,,,,,,,,,,,,,WR,Lucky Whitehead (9614694),Lucky Whitehead,9614694,3000,NE@NYJ 01:00PM ET,NYJ
,,,,,,,,,,,,,,WR,ArDarius Stewart (9614696),ArDarius Stewart,9614696,3000,NE@NYJ 01:00PM ET,NYJ
,,,,,,,,,,,,,,RB,Raheem Mostert (9614711),Raheem Mostert,9614711,3000,SF@WAS 01:00PM ET,SF
,,,,,,,,,,,,,,RB,Kyle Juszczyk (9614713),Kyle Juszczyk,9614713,3000,SF@WAS 01:00PM ET,SF
,,,,,,,,,,,,,,WR,Victor Bolden Jr. (9614723),Victor Bolden Jr.,9614723,3000,SF@WAS 01:00PM ET,SF
,,,,,,,,,,,,,,WR,Kendrick Bourne (9614725),Kendrick Bourne,9614725,3000,SF@WAS 01:00PM ET,SF
,,,,,,,,,,,,,,RB,Mack Brown (9614744),Mack Brown,9614744,3000,SF@WAS 01:00PM ET,WAS
,,,,,,,,,,,,,,WR,Brian Quick (9614754),Brian Quick,9614754,3000,SF@WAS 01:00PM ET,WAS
,,,,,,,,,,,,,,RB,D.J. Foster (9614776),D.J. Foster,9614776,3000,TB@ARI 04:05PM ET,ARI
,,,,,,,,,,,,,,RB,T.J. Logan (9614778),T.J. Logan,9614778,3000,TB@ARI 04:05PM ET,ARI
,,,,,,,,,,,,,,RB,Elijhaa Penny (9614780),Elijhaa Penny,9614780,3000,TB@ARI 04:05PM ET,ARI
,,,,,,,,,,,,,,WR,Brittan Golden (9614790),Brittan Golden,9614790,3000,TB@ARI 04:05PM ET,ARI
,,,,,,,,,,,,,,WR,Chad Williams (9614792),Chad Williams,9614792,3000,TB@ARI 04:05PM ET,ARI
,,,,,,,,,,,,,,RB,Peyton Barber (9614812),Peyton Barber,9614812,3000,TB@ARI 04:05PM ET,TB
,,,,,,,,,,,,,,WR,Chris Godwin (9614820),Chris Godwin,9614820,3000,TB@ARI 04:05PM ET,TB
,,,,,,,,,,,,,,WR,Bernard Reedy (9614822),Bernard Reedy,9614822,3000,TB@ARI 04:05PM ET,TB
,,,,,,,,,,,,,,RB,Justin Davis (9614840),Justin Davis,9614840,3000,LAR@JAX 04:05PM ET,LAR
,,,,,,,,,,,,,,RB,Lance Dunbar (9614842),Lance Dunbar,9614842,3000,LAR@JAX 04:05PM ET,LAR
,,,,,,,,,,,,,,WR,Michael Thomas (9614852),Michael Thomas,9614852,3000,LAR@JAX 04:05PM ET,LAR
,,,,,,,,,,,,,,WR,Josh Reynolds (9614854),Josh Reynolds,9614854,3000,LAR@JAX 04:05PM ET,LAR
,,,,,,,,,,,,,,WR,Pharoh Cooper (9614856),Pharoh Cooper,9614856,3000,LAR@JAX 04:05PM ET,LAR
,,,,,,,,,,,,,,RB,Tommy Bohanon (9614875),Tommy Bohanon,9614875,3000,LAR@JAX 04:05PM ET,JAX
,,,,,,,,,,,,,,WR,Arrelious Benn (9614883),Arrelious Benn,9614883,3000,LAR@JAX 04:05PM ET,JAX
,,,,,,,,,,,,,,WR,Keelan Cole (9614885),Keelan Cole,9614885,3000,LAR@JAX 04:05PM ET,JAX
,,,,,,,,,,,,,,WR,Max McCaffrey (9614887),Max McCaffrey,9614887,3000,LAR@JAX 04:05PM ET,JAX
,,,,,,,,,,,,,,RB,Anthony Sherman (9614903),Anthony Sherman,9614903,3000,PIT@KC 04:25PM ET,KC
,,,,,,,,,,,,,,RB,Akeem Hunt (9614905),Akeem Hunt,9614905,3000,PIT@KC 04:25PM ET,KC
,,,,,,,,,,,,,,WR,De'Anthony Thomas (9614913),De'Anthony Thomas,9614913,3000,PIT@KC 04:25PM ET,KC
,,,,,,,,,,,,,,WR,Demarcus Robinson (9614915),Demarcus Robinson,9614915,3000,PIT@KC 04:25PM ET,KC
,,,,,,,,,,,,,,WR,Jehu Chesson (9614917),Jehu Chesson,9614917,3000,PIT@KC 04:25PM ET,KC
,,,,,,,,,,,,,,RB,Terrell Watson (9614935),Terrell Watson,9614935,3000,PIT@KC 04:25PM ET,PIT
,,,,,,,,,,,,,,RB,Roosevelt Nix (9614937),Roosevelt Nix,9614937,3000,PIT@KC 04:25PM ET,PIT
,,,,,,,,,,,,,,WR,Darrius Heyward-Bey (9614945),Darrius Heyward-Bey,9614945,3000,PIT@KC 04:25PM ET,PIT
,,,,,,,,,,,,,,WR,Justin Hunter (9614947),Justin Hunter,9614947,3000,PIT@KC 04:25PM ET,PIT
,,,,,,,,,,,,,,WR,Eli Rogers (9614949),Eli Rogers,9614949,3000,PIT@KC 04:25PM ET,PIT
,,,,,,,,,,,,,,RB,Jamize Olawale (9614967),Jamize Olawale,9614967,3000,LAC@OAK 04:25PM ET,OAK
,,,,,,,,,,,,,,WR,Cordarrelle Patterson (9614975),Cordarrelle Patterson,9614975,3000,LAC@OAK 04:25PM ET,OAK
,,,,,,,,,,,,,,WR,Johnny Holton (9614977),Johnny Holton,9614977,3000,LAC@OAK 04:25PM ET,OAK
,,,,,,,,,,,,,,RB,Derek Watt (9614993),Derek Watt,9614993,3000,LAC@OAK 04:25PM ET,LAC
,,,,,,,,,,,,,,RB,Austin Ekeler (9614995),Austin Ekeler,9614995,3000,LAC@OAK 04:25PM ET,LAC
,,,,,,,,,,,,,,RB,Andre Williams (9614997),Andre Williams,9614997,3000,LAC@OAK 04:25PM ET,LAC
,,,,,,,,,,,,,,TE,Antonio Gates (9615011),Antonio Gates,9615011,3000,LAC@OAK 04:25PM ET,LAC
,,,,,,,,,,,,,,TE,Zach Miller (9614404),Zach Miller,9614404,2900,CHI@BAL 01:00PM ET,CHI
,,,,,,,,,,,,,,DST,Vikings  (9614576),Vikings ,9614576,2900,GB@MIN 01:00PM ET,MIN
,,,,,,,,,,,,,,TE,Julius Thomas (9614374),Julius Thomas,9614374,2800,MIA@ATL 01:00PM ET,MIA
,,,,,,,,,,,,,,TE,Stephen Anderson (9614472),Stephen Anderson,9614472,2800,CLE@HOU 01:00PM ET,HOU
,,,,,,,,,,,,,,DST,Packers  (9614541),Packers ,9614541,2800,GB@MIN 01:00PM ET,GB
,,,,,,,,,,,,,,DST,Cardinals  (9614802),Cardinals ,9614802,2800,TB@ARI 04:05PM ET,ARI
,,,,,,,,,,,,,,TE,Demetrius Harris (9614921),Demetrius Harris,9614921,2800,PIT@KC 04:25PM ET,KC
,,,,,,,,,,,,,,DST,Bears  (9614414),Bears ,9614414,2700,CHI@BAL 01:00PM ET,CHI
,,,,,,,,,,,,,,DST,Saints  (9614637),Saints ,9614637,2700,DET@NO 01:00PM ET,NO
,,,,,,,,,,,,,,TE,Dwayne Allen (9614666),Dwayne Allen,9614666,2700,NE@NYJ 01:00PM ET,NE
,,,,,,,,,,,,,,TE,Marcedes Lewis (9614889),Marcedes Lewis,9614889,2700,LAR@JAX 04:05PM ET,JAX
,,,,,,,,,,,,,,TE,Richard Rodgers (9614537),Richard Rodgers,9614537,2600,GB@MIN 01:00PM ET,GB
,,,,,,,,,,,,,,TE,Jermaine Gresham (9614794),Jermaine Gresham,9614794,2600,TB@ARI 04:05PM ET,ARI
,,,,,,,,,,,,,,TE,O.J. Howard (9614826),O.J. Howard,9614826,2600,TB@ARI 04:05PM ET,TB
,,,,,,,,,,,,,,DST,Buccaneers  (9614832),Buccaneers ,9614832,2600,TB@ARI 04:05PM ET,TB
,,,,,,,,,,,,,,TE,Vance McDonald (9614953),Vance McDonald,9614953,2600,PIT@KC 04:25PM ET,PIT
,,,,,,,,,,,,,,DST,Steelers  (9614957),Steelers ,9614957,2600,PIT@KC 04:25PM ET,PIT
,,,,,,,,,,,,,,TE,Levine Toilolo (9614345),Levine Toilolo,9614345,2500,MIA@ATL 01:00PM ET,ATL
,,,,,,,,,,,,,,TE,Eric Saubert (9614347),Eric Saubert,9614347,2500,MIA@ATL 01:00PM ET,ATL
,,,,,,,,,,,,,,TE,MarQueis Gray (9614376),MarQueis Gray,9614376,2500,MIA@ATL 01:00PM ET,MIA
,,,,,,,,,,,,,,TE,Anthony Fasano (9614378),Anthony Fasano,9614378,2500,MIA@ATL 01:00PM ET,MIA
,,,,,,,,,,,,,,TE,Andrew DePaola (9614406),Andrew DePaola,9614406,2500,CHI@BAL 01:00PM ET,CHI
,,,,,,,,,,,,,,TE,Adam Shaheen (9614408),Adam Shaheen,9614408,2500,CHI@BAL 01:00PM ET,CHI
,,,,,,,,,,,,,,TE,Daniel Brown (9614410),Daniel Brown,9614410,2500,CHI@BAL 01:00PM ET,CHI
,,,,,,,,,,,,,,TE,Dion Sims (9614412),Dion Sims,9614412,2500,CHI@BAL 01:00PM ET,CHI
,,,,,,,,,,,,,,TE,Nick Boyle (9614439),Nick Boyle,9614439,2500,CHI@BAL 01:00PM ET,BAL
,,,,,,,,,,,,,,TE,Vince Mayle (9614441),Vince Mayle,9614441,2500,CHI@BAL 01:00PM ET,BAL
,,,,,,,,,,,,,,TE,Maxx Williams (9614443),Maxx Williams,9614443,2500,CHI@BAL 01:00PM ET,BAL
,,,,,,,,,,,,,,TE,Seth DeValve (9614506),Seth DeValve,9614506,2500,CLE@HOU 01:00PM ET,CLE
,,,,,,,,,,,,,,TE,Randall Telfer (9614508),Randall Telfer,9614508,2500,CLE@HOU 01:00PM ET,CLE
,,,,,,,,,,,,,,TE,Lance Kendricks (9614539),Lance Kendricks,9614539,2500,GB@MIN 01:00PM ET,GB
,,,,,,,,,,,,,,TE,Blake Bell (9614570),Blake Bell,9614570,2500,GB@MIN 01:00PM ET,MIN
,,,,,,,,,,,,,,TE,David Morgan (9614572),David Morgan,9614572,2500,GB@MIN 01:00PM ET,MIN
,,,,,,,,,,,,,,TE,Kevin McDermott (9614574),Kevin McDermott,9614574,2500,GB@MIN 01:00PM ET,MIN
,,,,,,,,,,,,,,TE,Michael Roberts (9614601),Michael Roberts,9614601,2500,DET@NO 01:00PM ET,DET
,,,,,,,,,,,,,,TE,Darren Fells (9614603),Darren Fells,9614603,2500,DET@NO 01:00PM ET,DET
,,,,,,,,,,,,,,TE,Michael Hoomanawanui (9614633),Michael Hoomanawanui,9614633,2500,DET@NO 01:00PM ET,NO
,,,,,,,,,,,,,,TE,Josh Hill (9614635),Josh Hill,9614635,2500,DET@NO 01:00PM ET,NO
,,,,,,,,,,,,,,TE,Jacob Hollister (9614668),Jacob Hollister,9614668,2500,NE@NYJ 01:00PM ET,NE
,,,,,,,,,,,,,,TE,Eric Tomlinson (9614700),Eric Tomlinson,9614700,2500,NE@NYJ 01:00PM ET,NYJ
,,,,,,,,,,,,,,TE,Jordan Leggett (9614702),Jordan Leggett,9614702,2500,NE@NYJ 01:00PM ET,NYJ
,,,,,,,,,,,,,,TE,Logan Paulsen (9614727),Logan Paulsen,9614727,2500,SF@WAS 01:00PM ET,SF
,,,,,,,,,,,,,,TE,Kyle Nelson (9614729),Kyle Nelson,9614729,2500,SF@WAS 01:00PM ET,SF
,,,,,,,,,,,,,,TE,Garrett Celek (9614731),Garrett Celek,9614731,2500,SF@WAS 01:00PM ET,SF
,,,,,,,,,,,,,,TE,Niles Paul (9614760),Niles Paul,9614760,2500,SF@WAS 01:00PM ET,WAS
,,,,,,,,,,,,,,TE,Jeremy Sprinkle (9614762),Jeremy Sprinkle,9614762,2500,SF@WAS 01:00PM ET,WAS
,,,,,,,,,,,,,,TE,Troy Niklas (9614796),Troy Niklas,9614796,2500,TB@ARI 04:05PM ET,ARI
,,,,,,,,,,,,,,TE,Ricky Seals-Jones (9614798),Ricky Seals-Jones,9614798,2500,TB@ARI 04:05PM ET,ARI
,,,,,,,,,,,,,,TE,Ifeanyi Momah (9614800),Ifeanyi Momah,9614800,2500,TB@ARI 04:05PM ET,ARI
,,,,,,,,,,,,,,TE,Luke Stocker (9614828),Luke Stocker,9614828,2500,TB@ARI 04:05PM ET,TB
,,,,,,,,,,,,,,TE,Antony Auclair (9614830),Antony Auclair,9614830,2500,TB@ARI 04:05PM ET,TB
,,,,,,,,,,,,,,TE,Gerald Everett (9614858),Gerald Everett,9614858,2500,LAR@JAX 04:05PM ET,LAR
,,,,,,,,,,,,,,TE,Derek Carrier (9614860),Derek Carrier,9614860,2500,LAR@JAX 04:05PM ET,LAR
,,,,,,,,,,,,,,TE,Tyler Higbee (9614862),Tyler Higbee,9614862,2500,LAR@JAX 04:05PM ET,LAR
,,,,,,,,,,,,,,TE,James O'Shaughnessy (9614891),James O'Shaughnessy,9614891,2500,LAR@JAX 04:05PM ET,JAX
,,,,,,,,,,,,,,TE,Ben Koyack (9614893),Ben Koyack,9614893,2500,LAR@JAX 04:05PM ET,JAX
,,,,,,,,,,,,,,TE,James Winchester (9614923),James Winchester,9614923,2500,PIT@KC 04:25PM ET,KC
,,,,,,,,,,,,,,TE,Ross Travis (9614925),Ross Travis,9614925,2500,PIT@KC 04:25PM ET,KC
,,,,,,,,,,,,,,TE,Xavier Grimble (9614955),Xavier Grimble,9614955,2500,PIT@KC 04:25PM ET,PIT
,,,,,,,,,,,,,,TE,Clive Walford (9614981),Clive Walford,9614981,2500,LAC@OAK 04:25PM ET,OAK
,,,,,,,,,,,,,,TE,Lee Smith (9614983),Lee Smith,9614983,2500,LAC@OAK 04:25PM ET,OAK
,,,,,,,,,,,,,,DST,Raiders  (9614985),Raiders ,9614985,2500,LAC@OAK 04:25PM ET,OAK
,,,,,,,,,,,,,,TE,Sean Culkin (9615013),Sean Culkin,9615013,2500,LAC@OAK 04:25PM ET,LAC
,,,,,,,,,,,,,,TE,Sean McGrath (9615015),Sean McGrath,9615015,2500,LAC@OAK 04:25PM ET,LAC
,,,,,,,,,,,,,,DST,Lions  (9614605),Lions ,9614605,2400,DET@NO 01:00PM ET,DET
,,,,,,,,,,,,,,DST,Browns  (9614510),Browns ,9614510,2300,CLE@HOU 01:00PM ET,CLE
,,,,,,,,,,,,,,DST,49ers  (9614735),49ers ,9614735,2200,SF@WAS 01:00PM ET,SF
,,,,,,,,,,,,,,DST,Jets  (9614704),Jets ,9614704,2100,NE@NYJ 01:00PM ET,NYJ
,,,,,,,,,,,,,,DST,Dolphins  (9614380),Dolphins ,9614380,2000,MIA@ATL 01:00PM ET,MIA
